tweet_id,source,name,cuteness_rating,p1,p1_dog,retweet_count,favorite_count
892177421306343426,Twitter for iPhone,Tilly,13/10,Chihuahua,True,6514,33819
891815181378084864,Twitter for iPhone,Archie,12/10,Chihuahua,True,4328,25461
891327558926688256,Twitter for iPhone,Franklin,12/10,basset,True,9774,41048
890971913173991426,Twitter for iPhone,Jax,13/10,Appenzeller,True,2158,12041
890609185150312448,Twitter for iPhone,Zoey,13/10,Irish_terrier,True,4429,28226
890240255349198849,Twitter for iPhone,Cassie,13/10,Pembroke,True,7711,32467
890006608113172480,Twitter for iPhone,Koda,13/10,Samoyed,True,7624,31166
889880896479866881,Twitter for iPhone,Bruno,13/10,French_bulldog,True,5156,28268
889638837579907072,Twitter for iPhone,Ted,12/10,French_bulldog,True,4735,27672
889531135344209921,Twitter for iPhone,Stuart,13/10,golden_retriever,True,2321,15359
889278841981685760,Twitter for iPhone,Oliver,13/10,whippet,True,5637,25652
888917238123831296,Twitter for iPhone,Jim,12/10,golden_retriever,True,4709,29611
888804989199671297,Twitter for iPhone,Zeke,13/10,golden_retriever,True,4559,26080
888554962724278272,Twitter for iPhone,Ralphus,13/10,Siberian_husky,True,3732,20290
888078434458587136,Twitter for iPhone,Gerald,12/10,French_bulldog,True,3653,22201
887705289381826560,Twitter for iPhone,Jeffrey,13/10,basset,True,5609,30779
887473957103951883,Twitter for iPhone,Canela,13/10,Pembroke,True,18781,69871
886983233522544640,Twitter for iPhone,Maya,13/10,Chihuahua,True,8084,35859
886736880519319552,Twitter for iPhone,Mingus,13/10,kuvasz,True,3443,12306
886366144734445568,Twitter for iPhone,Roscoe,12/10,French_bulldog,True,3316,21524
886258384151887873,Twitter for iPhone,Waffles,13/10,pug,True,6523,28469
885984800019947520,Twitter for iPhone,Jimbo,12/10,Blenheim_spaniel,True,7097,33382
885528943205470208,Twitter for iPhone,Maisey,13/10,pug,True,6683,36689
884925521741709313,Twitter for iPhone,Earl,12/10,Italian_greyhound,True,16439,68152
884876753390489601,Twitter for iPhone,Lola,13/10,chow,True,6096,28514
884562892145688576,Twitter for iPhone,Kevin,13/10,pug,True,5100,24765
884162670584377345,Twitter for iPhone,Yogi,12/10,German_shepherd,True,3128,20771
883838122936631299,Twitter for iPhone,Noah,12/10,Doberman,True,3586,22349
883482846933004288,Twitter for iPhone,Bella,5/10,golden_retriever,True,10407,46860
883360690899218434,Twitter for iPhone,Grizzwald,13/10,chow,True,3825,22986
882992080364220416,Twitter for iPhone,Rusty,13/10,Eskimo_dog,True,4122,24445
882762694511734784,Twitter for iPhone,Gus,12/10,Labrador_retriever,True,5134,28903
882627270321602560,Twitter for iPhone,Stanley,13/10,Pembroke,True,6342,28382
882268110199369728,Twitter for iPhone,Alfy,13/10,golden_retriever,True,12118,45880
881906580714921986,Twitter for iPhone,Rey,12/10,Weimaraner,True,3533,24773
881666595344535552,Twitter for iPhone,Gary,13/10,Saluki,True,11099,51522
880465832366813184,Twitter for iPhone,Bella,12/10,golden_retriever,True,6546,29075
880221127280381952,Twitter for iPhone,Jesse,12/10,Chihuahua,True,4436,27640
879862464715927552,Twitter for iPhone,Romeo,13/10,basset,True,3642,22667
879492040517615616,Twitter for iPhone,Bailey,12/10,German_short-haired_pointer,True,3323,23822
879415818425184262,Twitter for iPhone,Duddles,13/10,English_springer,True,45849,107956
879008229531029506,Twitter for iPhone,Beau,13/10,vizsla,True,2812,19317
878776093423087618,Twitter for iPhone,Snoopy,13/10,Italian_greyhound,True,4319,19763
878281511006478336,Twitter for iPhone,Shadow,13/10,basset,True,1349,7913
878057613040115712,Twitter for iPhone,Emmy,13/10,French_bulldog,True,7181,42876
877736472329191424,Twitter for iPhone,Aja,13/10,Chesapeake_Bay_retriever,True,17300,71144
877556246731214848,Twitter for iPhone,Penny,12/10,basset,True,3994,23258
877316821321428993,Twitter for iPhone,Dante,13/10,Saluki,True,5414,27907
877201837425926144,Twitter for iPhone,Nelly,12/10,Pembroke,True,5880,27755
876838120628539392,Twitter for iPhone,Ginger,12/10,bloodhound,True,3506,21125
876484053909872640,Twitter for iPhone,Benedict,13/10,golden_retriever,True,2511,19163
876120275196170240,Twitter for iPhone,Venti,13/10,Bernese_mountain_dog,True,4903,28490
875747767867523072,Twitter for iPhone,Goose,13/10,Labrador_retriever,True,4497,25773
875144289856114688,Twitter for iPhone,Nugget,13/10,Siberian_husky,True,5081,22185
874680097055178752,Twitter for iPhone,Cash,12/10,Labrador_retriever,True,4875,28439
874296783580663808,Twitter for iPhone,Jed,13/10,cocker_spaniel,True,4308,26651
874012996292530176,Twitter for iPhone,Sebastian,13/10,Cardigan,True,11007,35501
873213775632977920,Twitter for iPhone,Sierra,12/10,vizsla,True,1667,7467
872620804844003328,Twitter for iPhone,Monkey,13/10,cocker_spaniel,True,3911,21309
872261713294495745,Twitter for iPhone,Harry,13/10,Labrador_retriever,True,6649,35085
871879754684805121,Twitter for iPhone,Lassie,13/10,Shetland_sheepdog,True,11918,39090
871762521631449091,Twitter for iPhone,Rover,12/10,Labrador_retriever,True,3678,20787
871515927908634625,Twitter for iPhone,Napolean,12/10,komondor,True,3628,20730
871032628920680449,Twitter for iPhone,Boomer,13/10,kelpie,True,3999,23255
870656317836468226,Twitter for iPhone,Cody,13/10,Pembroke,True,2817,12819
870374049280663552,Twitter for iPhone,Zoey,13/10,golden_retriever,True,27680,85011
870308999962521604,Twitter for iPhone,Rumble,13/10,Greater_Swiss_Mountain_dog,True,4384,22453
869772420881756160,Twitter for iPhone,Dewey,13/10,Pembroke,True,10663,43710
869702957897576449,Twitter for iPhone,Stanley,13/10,Pembroke,True,6728,29116
869596645499047938,Twitter for iPhone,Scout,12/10,Chihuahua,True,3327,16476
869227993411051520,Twitter for iPhone,Gizmo,13/10,Pembroke,True,4023,21112
868552278524837888,Twitter for iPhone,Cooper,12/10,whippet,True,2240,10539
867774946302451713,Twitter for iPhone,Harold,13/10,Border_collie,True,7788,35179
867421006826221569,Twitter for iPhone,Shikha,12/10,Eskimo_dog,True,2697,16755
866686824827068416,Twitter for iPhone,Lili,12/10,flat-coated_retriever,True,3727,20070
866450705531457537,Twitter for iPhone,Jamesy,13/10,French_bulldog,True,32883,106827
866334964761202691,Twitter for iPhone,Coco,12/10,Samoyed,True,15546,54720
865718153858494464,Twitter for iPhone,Boomer,13/10,golden_retriever,True,6008,26640
865359393868664832,Twitter for iPhone,Sammy,13/10,Chesapeake_Bay_retriever,True,5384,27530
865006731092295680,Twitter for iPhone,Nelly,13/10,Pembroke,True,8209,29063
864279568663928832,Twitter for iPhone,Meatball,12/10,bull_mastiff,True,3266,15195
864197398364647424,Twitter for iPhone,Paisley,13/10,golden_retriever,True,9616,31459
863553081350529029,Twitter for iPhone,Neptune,13/10,Eskimo_dog,True,4489,15935
863432100342583297,Twitter for iPhone,Belle,12/10,Staffordshire_bullterrier,True,5664,24829
863062471531167744,Twitter for iPhone,Quinn,13/10,French_bulldog,True,2687,8945
862831371563274240,Twitter for iPhone,Zooey,13/10,Australian_terrier,True,5457,20011
862722525377298433,Twitter for iPhone,Dave,11/10,basset,True,3809,17779
861383897657036800,Twitter for iPhone,Hobbes,13/10,Cardigan,True,11528,37744
861005113778896900,Twitter for iPhone,Burt,12/10,German_shepherd,True,4119,17538
860563773140209665,Twitter for iPhone,Lorenzo,13/10,Cardigan,True,2334,7878
860524505164394496,Twitter for iPhone,Carl,13/10,Bedlington_terrier,True,5698,24678
859924526012018688,Twitter for iPhone,Milky,12/10,French_bulldog,True,4349,20021
859851578198683649,Twitter for iPhone,Trooper,13/10,Labrador_retriever,True,3780,16105
858471635011153920,Twitter for iPhone,Sophie,13/10,Pembroke,True,5271,22640
858107933456039936,Twitter for iPhone,Wyatt,12/10,golden_retriever,True,3154,16524
857989990357356544,Twitter for iPhone,Rosie,12/10,French_bulldog,True,2812,16952
857746408056729600,Twitter for iPhone,Thor,13/10,Labrador_retriever,True,11524,36021
857263160327368704,Twitter for iPhone,Oscar,13/10,Samoyed,True,4934,21041
857029823797047296,Twitter for iPhone,Zeke,12/10,golden_retriever,True,4364,19910
856543823941562368,Twitter for iPhone,Callie,12/10,Boston_bull,True,3131,17135
856282028240666624,Twitter for iPhone,Cermet,13/10,Chihuahua,True,6841,29086
855459453768019968,Twitter for iPhone,quite,12/10,Blenheim_spaniel,True,8987,31657
854732716440526848,Twitter for iPhone,Marlee,12/10,Pembroke,True,6690,24188
854482394044301312,Twitter for iPhone,Arya,13/10,Chihuahua,True,7608,31131
854365224396361728,Twitter for iPhone,Einstein,13/10,Pembroke,True,5159,20046
853760880890318849,Twitter for iPhone,Alice,12/10,miniature_pinscher,True,6403,30414
852912242202992640,Twitter for iPhone,Benny,12/10,Great_Dane,True,2037,9658
852672615818899456,Twitter for iPhone,Aspen,12/10,golden_retriever,True,2388,15939
852553447878664193,Twitter for iPhone,Jarod,13/10,bloodhound,True,3885,17492
850753642995093505,Twitter for iPhone,Kyle,11/10,pug,True,10352,33348
850380195714523136,Twitter for iPhone,Leo,13/10,Yorkshire_terrier,True,2915,13994
850019790995546112,Twitter for iPhone,Boomer,12/10,Shetland_sheepdog,True,5459,21944
849412302885593088,Twitter for iPhone,Noosh,12/10,schipperke,True,3487,17039
848324959059550208,Twitter for iPhone,Odin,12/10,malamute,True,4037,20229
848212111729840128,Twitter for iPhone,Jerry,6/10,Bedlington_terrier,True,3444,17618
847842811428974592,Twitter for iPhone,Rontu,12/10,Bernese_mountain_dog,True,1522,5935
847606175596138505,Twitter for iPhone,Cannon,12/10,Cardigan,True,3774,20208
847251039262605312,Twitter for iPhone,Furzey,12/10,Airedale,True,4800,22036
847157206088847362,Twitter for iPhone,Daisy,11/10,Staffordshire_bullterrier,True,6572,21588
846874817362120707,Twitter for iPhone,Tuck,13/10,Shetland_sheepdog,True,4404,21685
846514051647705089,Twitter for iPhone,Barney,13/10,golden_retriever,True,13076,48410
846153765933735936,Twitter for iPhone,Vixen,13/10,giant_schnauzer,True,10226,34394
846042936437604353,Twitter for iPhone,Jarvis,12/10,golden_retriever,True,3224,17256
845397057150107648,Twitter for iPhone,Mimosa,13/10,Dandie_Dinmont,True,2072,8241
845306882940190720,Twitter for iPhone,Pickles,12/10,Irish_water_spaniel,True,6039,25225
844973813909606400,Twitter for iPhone,Brady,12/10,Labrador_retriever,True,3617,16361
844704788403113984,Twitter for iPhone,Luna,13/10,Labrador_retriever,True,11633,42022
844223788422217728,Twitter for iPhone,Margo,12/10,Labrador_retriever,True,2450,14753
843856843873095681,Twitter for iPhone,Sadie,12/10,Labrador_retriever,True,5220,23211
843604394117681152,Twitter for iPhone,Hank,11/10,Labrador_retriever,True,3081,18310
843235543001513987,Twitter for iPhone,Tycho,13/10,Pembroke,True,6852,23315
842846295480000512,Twitter for iPhone,Charlie,13/10,Labrador_retriever,True,4023,16440
842535590457499648,Twitter for iPhone,Winnie,13/10,Pembroke,True,3937,19637
842163532590374912,Twitter for iPhone,George,12/10,French_bulldog,True,6568,26569
842115215311396866,Twitter for iPhone,Bentley,12/10,chow,True,3386,15204
841680585030541313,Twitter for iPhone,Penny,12/10,Chihuahua,True,8748,27854
841314665196081154,Twitter Web Client,Max,13/10,Afghan_hound,True,5312,17305
841077006473256960,Twitter for iPhone,Dawn,12/10,Brittany_spaniel,True,5991,24926
840632337062862849,Twitter for iPhone,Maddie,12/10,golden_retriever,True,1972,9761
840268004936019968,Twitter for iPhone,Monty,12/10,Chesapeake_Bay_retriever,True,6497,20950
839990271299457024,Twitter for iPhone,Sojourner,13/10,Staffordshire_bullterrier,True,2597,14640
839239871831150596,Twitter for iPhone,Odie,13/10,Leonberg,True,7422,29684
838921590096166913,Twitter for iPhone,Arlo,13/10,Border_terrier,True,2357,12183
838561493054533637,Twitter for iPhone,Walter,13/10,kelpie,True,1504,11892
838476387338051585,Twitter for iPhone,Stanley,13/10,Great_Pyrenees,True,5484,24664
838083903487373313,Twitter for iPhone,Daisy,13/10,chow,True,3582,19183
837471256429613056,Twitter for iPhone,Vincent,12/10,Norwegian_elkhound,True,2631,13967
837366284874571778,Twitter for iPhone,Lucy,13/10,American_Staffordshire_terrier,True,6005,23074
837110210464448512,Twitter for iPhone,Clark,13/10,Siberian_husky,True,2731,17480
836260088725786625,Twitter for iPhone,Lucy,13/10,borzoi,True,4850,23177
835574547218894849,Twitter for iPhone,Eli,11/10,Staffordshire_bullterrier,True,4121,19447
835297930240217089,Twitter for iPhone,Ash,12/10,Rottweiler,True,3381,17847
834786237630337024,Twitter for iPhone,Tobi,13/10,Border_terrier,True,6159,22943
834458053273591808,Twitter for iPhone,Chester,12/10,Rhodesian_ridgeback,True,1899,10512
834209720923721728,Twitter for iPhone,Wilson,12/10,golden_retriever,True,5476,22594
833863086058651648,Twitter for iPhone,Bentley,12/10,kuvasz,True,2729,14661
833826103416520705,Twitter for iPhone,Charlie,13/10,Chihuahua,True,3904,16728
833722901757046785,Twitter for iPhone,Bronte,13/10,West_Highland_white_terrier,True,3636,22585
833479644947025920,Twitter for iPhone,Poppy,13/10,golden_retriever,True,2357,16258
833124694597443584,Twitter for iPhone,Gidget,12/10,Cardigan,True,5513,22133
832998151111966721,Twitter for iPhone,Rhino,13/10,boxer,True,2522,14549
832757312314028032,Twitter for iPhone,Willow,13/10,Cardigan,True,4127,18423
832636094638288896,Twitter for iPhone,Orion,12/10,Eskimo_dog,True,3220,17379
832397543355072512,Twitter for iPhone,Eevee,12/10,Pekinese,True,2548,13126
832369877331693569,Twitter for iPhone,Charlie,11/10,kelpie,True,3652,18792
832273440279240704,Twitter for iPhone,Smiley,13/10,Pembroke,True,2673,12385
832032802820481025,Twitter for iPhone,Miguel,12/10,whippet,True,4746,13887
831939777352105988,Twitter for iPhone,Emanuel,12/10,Pomeranian,True,7031,26404
831911600680497154,Twitter for iPhone,Kuyu,13/10,bloodhound,True,7458,30380
831670449226514432,Twitter for iPhone,Daisy,13/10,Pembroke,True,2059,11469
831552930092285952,Twitter for iPhone,Dutch,13/10,Chihuahua,True,2632,9872
831322785565769729,Twitter for iPhone,Pete,12/10,Old_English_sheepdog,True,1744,10042
831309418084069378,Twitter for iPhone,Scooter,12/10,Doberman,True,2786,12819
831262627380748289,Twitter for iPhone,Tucker,12/10,cocker_spaniel,True,2350,13066
830956169170665475,Twitter for iPhone,Reggie,12/10,kuvasz,True,1735,8735
830583320585068544,Twitter for iPhone,Lilly,13/10,Labrador_retriever,True,19297,73397
830097400375152640,Twitter for iPhone,Samson,13/10,toy_poodle,True,3455,10804
829861396166877184,Twitter for iPhone,Mia,12/10,Border_terrier,True,2243,13441
829501995190984704,Twitter for iPhone,Leo,12/10,French_bulldog,True,12224,34913
829374341691346946,Twitter for iPhone,Astrid,13/10,Staffordshire_bullterrier,True,10706,38074
829141528400556032,Twitter for iPhone,Malcolm,12/10,golden_retriever,True,8530,26952
829011960981237760,Twitter for iPhone,Dexter,13/10,boxer,True,18627,58302
828650029636317184,Twitter for iPhone,one,13/10,golden_retriever,True,1544,10467
828408677031882754,Twitter for iPhone,Bear,12/10,Weimaraner,True,1477,8398
828381636999917570,Twitter for iPhone,Doobert,13/10,Bedlington_terrier,True,2554,13864
828376505180889089,Twitter for iPhone,Beebop,13/10,American_Staffordshire_terrier,True,1216,8112
828372645993398273,Twitter for iPhone,Alexander,12/10,malamute,True,3344,13756
828011680017821696,Twitter for iPhone,Brutus,11/10,American_Staffordshire_terrier,True,2451,11411
827933404142436356,Twitter for iPhone,Kona,12/10,German_shepherd,True,5987,22180
827653905312006145,Twitter for iPhone,Boots,12/10,collie,True,3433,16983
827600520311402496,Twitter for iPhone,Tucker,13/10,Pembroke,True,1082,8143
827324948884643840,Twitter for iPhone,Ralphie,12/10,golden_retriever,True,3510,17523
827199976799354881,Twitter for iPhone,Charlie,13/10,Great_Dane,True,2579,11659
826958653328592898,Twitter for iPhone,Loki,12/10,golden_retriever,True,5757,23767
826848821049180160,Twitter for iPhone,Cupid,13/10,Great_Pyrenees,True,11878,40325
826598365270007810,Twitter for iPhone,Pawnd,13/10,French_bulldog,True,2709,11117
826476773533745153,Twitter for iPhone,Pilot,12/10,German_shepherd,True,4821,20275
825829644528148480,Twitter for iPhone,Toby,12/10,Great_Pyrenees,True,2848,14025
825147591692263424,Twitter for iPhone,Sweet,13/10,Pekinese,True,5244,20181
825026590719483904,Twitter for iPhone,Pablo,12/10,Eskimo_dog,True,1483,7020
824775126675836928,Twitter for iPhone,Scooter,12/10,Border_terrier,True,4069,16508
824663926340194305,Twitter for iPhone,Wilson,13/10,English_setter,True,1993,11113
823939628516474880,Twitter for iPhone,Cash,12/10,schipperke,True,3123,11755
823699002998870016,Twitter for iPhone,Winston,12/10,cairn,True,2772,13826
822859134160621569,Twitter for iPhone,Hobbes,12/10,malinois,True,2622,14576
822489057087389700,Twitter for iPhone,Paisley,13/10,Samoyed,True,7390,20083
822462944365645825,Twitter for iPhone,Gabe,13/10,Pomeranian,True,17209,31800
821886076407029760,Twitter for iPhone,Jimison,13/10,golden_retriever,True,2692,12582
821765923262631936,Twitter for iPhone,Duchess,13/10,golden_retriever,True,1899,9317
821522889702862852,Twitter for iPhone,Harlso,13/10,Doberman,True,2030,8871
821407182352777218,Twitter for iPhone,Sundance,13/10,Irish_setter,True,5053,13075
821149554670182400,Twitter for iPhone,Luca,12/10,German_shepherd,True,2320,9718
821044531881721856,Twitter for iPhone,Flash,12/10,Old_English_sheepdog,True,2636,14021
820749716845686786,Twitter for iPhone,Sunny,13/10,golden_retriever,True,11525,34984
819952236453363712,Twitter for iPhone,Oliver,13/10,American_Staffordshire_terrier,True,1369,5927
819588359383371776,Twitter for iPhone,Jazzy,13/10,Cardigan,True,2271,10606
819347104292290561,Twitter for iPhone,Anna,12/10,Rottweiler,True,1383,8008
819227688460238848,Twitter for iPhone,Finn,12/10,Border_terrier,True,7733,25652
819004803107983360,Twitter for iPhone,Bo,13/10,standard_poodle,True,42228,95450
818627210458333184,Twitter for iPhone,Wafer,13/10,Labrador_retriever,True,8564,24597
818614493328580609,Twitter for iPhone,Bear,12/10,Chihuahua,True,2982,10971
818259473185828864,Twitter for iPhone,Florence,12/10,miniature_schnauzer,True,2621,12197
818145370475810820,Twitter for iPhone,Autumn,11/10,golden_retriever,True,3014,13671
817827839487737858,Twitter for iPhone,Buddy,13/10,cocker_spaniel,True,31314,57622
817777686764523521,Twitter for iPhone,Dido,13/10,curly-coated_retriever,True,3084,11901
817536400337801217,Twitter for iPhone,Eugene,12/10,pug,True,3505,13105
817415592588222464,Twitter for iPhone,Strudel,11/10,Doberman,True,1131,6267
817171292965273600,Twitter for iPhone,Tebow,13/10,golden_retriever,True,2326,9690
817056546584727552,Twitter for iPhone,Chloe,11/10,kelpie,True,1927,9517
816816676327063552,Twitter for iPhone,Timber,12/10,malamute,True,2361,11071
816697700272001025,Twitter for iPhone,Binky,12/10,Chihuahua,True,2545,10905
816336735214911488,Twitter for iPhone,Dudley,11/10,Labrador_retriever,True,2269,9564
816091915477250048,Twitter for iPhone,Comet,12/10,Pomeranian,True,2500,9927
815990720817401858,Twitter for iPhone,Jack,11/10,Chihuahua,True,1207,5545
815736392542261248,Twitter for iPhone,Akumi,11/10,Border_collie,True,2625,10937
815639385530101762,Twitter for iPhone,Titan,12/10,German_shepherd,True,1918,9161
814986499976527872,Twitter for iPhone,Cooper,11/10,dalmatian,True,1505,8485
814638523311648768,Twitter for iPhone,Olivia,12/10,golden_retriever,True,3130,12511
814530161257443328,Twitter for iPhone,Alf,12/10,miniature_poodle,True,2156,9629
814153002265309185,Twitter for iPhone,Oshie,12/10,golden_retriever,True,10080,32000
813910438903693312,Twitter for iPhone,Chubbs,11/10,Siberian_husky,True,2194,10342
813812741911748608,Twitter for iPhone,Gary,13/10,French_bulldog,True,16267,40402
813800681631023104,Twitter for iPhone,Sky,12/10,malamute,True,2060,9300
813217897535406080,Twitter for iPhone,Atlas,13/10,Samoyed,True,8476,20783
813096984823349248,Twitter for iPhone,Rocky,11/10,Great_Dane,True,4207,11694
813081950185472002,Twitter for iPhone,Baron,11/10,Doberman,True,3220,10989
813066809284972545,Twitter for iPhone,Tyr,12/10,toy_terrier,True,2276,8865
813051746834595840,Twitter for iPhone,Bauer,13/10,golden_retriever,True,8503,23337
812781120811126785,Twitter for iPhone,Swagger,10/10,bull_mastiff,True,2191,8380
812709060537683968,Twitter for iPhone,Brandi,12/10,Irish_setter,True,1665,7373
812372279581671427,Twitter for iPhone,Moe,13/10,golden_retriever,True,4252,15224
811985624773361665,Twitter for iPhone,Ted,11/10,Staffordshire_bullterrier,True,1647,8102
811744202451197953,Twitter for iPhone,Halo,13/10,Pekinese,True,1884,8429
811627233043480576,Twitter for iPhone,Augie,10/10,beagle,True,3650,14265
811386762094317568,Twitter for iPhone,Craig,11/10,Pembroke,True,7444,23302
810984652412424192,Twitter for iPhone,Sam,13/10,golden_retriever,True,1655,5927
810896069567610880,Twitter for iPhone,Hunter,11/10,flat-coated_retriever,True,2090,10093
810657578271330305,Twitter for iPhone,Pavlov,11/10,malamute,True,3057,12192
810284430598270976,Twitter for iPhone,Phil,13/10,malamute,True,13369,39640
810254108431155201,Twitter for iPhone,Gus,12/10,Staffordshire_bullterrier,True,3901,16380
809220051211603969,Twitter for iPhone,Kyro,12/10,Pomeranian,True,6554,22246
809084759137812480,Twitter for iPhone,Wallace,11/10,vizsla,True,4046,14685
808838249661788160,Twitter for iPhone,Ito,13/10,Rottweiler,True,3536,11271
808501579447930884,Twitter for iPhone,Koda,12/10,Airedale,True,3007,12595
808001312164028416,Twitter for iPhone,Cooper,12/10,Labrador_retriever,True,4098,14015
807621403335917568,Twitter for iPhone,Ollie,13/10,golden_retriever,True,4288,16236
807106840509214720,Twitter for iPhone,Stephan,13/10,Chihuahua,True,56625,107015
807010152071229440,Twitter for iPhone,Lennon,12/10,golden_retriever,True,4418,14514
806542213899489280,Twitter for iPhone,Waffles,11/10,vizsla,True,2752,11363
806219024703037440,Twitter for iPhone,incredibly,11/10,chow,True,1388,7145
805932879469572096,Twitter for iPhone,Major,12/10,Norwegian_elkhound,True,2209,9178
805826884734976000,Twitter for iPhone,Duke,12/10,Siberian_husky,True,2132,7335
805520635690676224,Twitter for iPhone,Zeke,13/10,malinois,True,1905,6368
805207613751304193,Twitter for iPhone,Shooter,12/10,Pembroke,True,1972,8680
804738756058218496,Twitter for iPhone,Django,12/10,Tibetan_mastiff,True,4480,15326
803773340896923648,Twitter for iPhone,Diogi,12/10,miniature_pinscher,True,3220,11203
803276597545603072,Twitter for iPhone,Winston,11/10,Pembroke,True,2887,11207
802952499103731712,Twitter for iPhone,Marley,12/10,chow,True,2336,10085
802572683846291456,Twitter for iPhone,Winnie,12/10,golden_retriever,True,2926,9959
802239329049477120,Twitter for iPhone,Loki,12/10,Eskimo_dog,True,3040,10132
801958328846974976,Twitter for iPhone,Ronnie,12/10,Staffordshire_bullterrier,True,1992,8608
801538201127157760,Twitter for iPhone,Wallace,12/10,Pembroke,True,2391,9141
801167903437357056,Twitter for iPhone,Milo,13/10,cocker_spaniel,True,6961,27386
801115127852503040,Twitter for iPhone,Bones,12/10,dalmatian,True,2429,8992
800751577355128832,Twitter for iPhone,Mauve,12/10,cocker_spaniel,True,3214,11701
800513324630806528,Twitter for iPhone,Chef,11/10,Pembroke,True,3495,14685
800388270626521089,Twitter for iPhone,Doc,12/10,golden_retriever,True,3265,12456
800141422401830912,Twitter for iPhone,Peaches,13/10,golden_retriever,True,2980,17092
799757965289017345,Twitter for iPhone,Sobe,13/10,Border_collie,True,2506,9390
799422933579902976,Twitter for iPhone,Longfellow,12/10,miniature_pinscher,True,2213,8965
799297110730567681,Twitter for iPhone,Jeffrey,11/10,malamute,True,3227,11065
799063482566066176,Twitter for iPhone,Mister,11/10,Norfolk_terrier,True,2863,9058
798933969379225600,Twitter for iPhone,Iroh,12/10,Siberian_husky,True,5203,14712
798925684722855936,Twitter for iPhone,Shadow,11/10,West_Highland_white_terrier,True,1663,8246
798209839306514432,Twitter for iPhone,Cooper,13/10,Pekinese,True,2954,11548
797545162159308800,Twitter for iPhone,Cassie,12/10,Pembroke,True,5656,16198
797236660651966464,Twitter for iPhone,Pancake,12/10,collie,True,7726,22328
796865951799083009,Twitter for iPhone,Tyr,12/10,Cardigan,True,2198,8564
796759840936919040,Twitter for iPhone,Romeo,11/10,American_Staffordshire_terrier,True,3562,13256
796387464403357696,Twitter for iPhone,Snicku,12/10,Pekinese,True,4861,12334
796149749086875649,Twitter for iPhone,Ruby,11/10,golden_retriever,True,16628,36177
796080075804475393,Twitter for iPhone,Yogi,12/10,chow,True,2703,9469
796031486298386433,Twitter for iPhone,Daisy,13/10,golden_retriever,True,4284,12071
795400264262053889,Twitter for iPhone,Brody,12/10,golden_retriever,True,3323,11270
794332329137291264,Twitter for iPhone,Nimbus,12/10,Samoyed,True,3088,10686
793962221541933056,Twitter for iPhone,Maximus,12/10,Labrador_retriever,True,5711,18910
793845145112371200,Twitter for iPhone,Clark,13/10,Old_English_sheepdog,True,2187,10295
793601777308463104,Twitter for iPhone,Dobby,12/10,miniature_pinscher,True,1908,8926
793500921481273345,Twitter for iPhone,Fiona,12/10,golden_retriever,True,2786,11953
793286476301799424,Twitter for iPhone,Moreton,13/10,Afghan_hound,True,10723,27597
793271401113350145,Twitter for iPhone,Dave,12/10,Siberian_husky,True,2763,9677
793241302385262592,Twitter for iPhone,Tucker,13/10,golden_retriever,True,3812,11780
793226087023144960,Twitter for iPhone,Juno,11/10,wire-haired_fox_terrier,True,3338,11001
793195938047070209,Twitter for iPhone,Lily,12/10,Labrador_retriever,True,6547,17063
793180763617361921,Twitter for iPhone,Newt,11/10,Lakeland_terrier,True,2310,7740
793165685325201412,Twitter for iPhone,Benji,12/10,golden_retriever,True,3238,10478
793150605191548928,Twitter for iPhone,Nida,11/10,Italian_greyhound,True,1984,6909
793120401413079041,Twitter for iPhone,Robin,11/10,Labrador_retriever,True,4551,14202
792773781206999040,Twitter for iPhone,Monster,12/10,Yorkshire_terrier,True,1963,8209
792394556390137856,Twitter for iPhone,BeBe,12/10,cocker_spaniel,True,4998,15128
792050063153438720,Twitter for iPhone,Remus,11/10,komondor,True,2088,8029
791406955684368384,Twitter for iPhone,Levi,12/10,Pembroke,True,4797,14670
791312159183634433,Twitter for iPhone,Mabel,12/10,miniature_pinscher,True,2963,9841
790987426131050500,Twitter for iPhone,Misty,12/10,cocker_spaniel,True,2483,11089
790698755171364864,Twitter for iPhone,Mosby,12/10,Bernese_mountain_dog,True,2203,9158
790337589677002753,Twitter for iPhone,Maggie,12/10,Pembroke,True,2167,8740
790277117346975746,Twitter for iPhone,Bruce,11/10,Labrador_retriever,True,3732,14081
789628658055020548,Twitter for iPhone,Eli,13/10,chow,True,2080,8448
789599242079838210,Twitter for iPhone,Brownie,12/10,Chesapeake_Bay_retriever,True,2279,7620
789530877013393408,Twitter for iPhone,Rizzy,12/10,schipperke,True,3942,13188
789268448748703744,Twitter for iPhone,Stella,10/10,malamute,True,3014,10196
789137962068021249,Twitter for iPhone,Bo,12/10,Chihuahua,True,3244,10875
788765914992902144,Twitter for iPhone,Butter,12/10,cocker_spaniel,True,12014,30658
788412144018661376,Twitter for iPhone,Dexter,11/10,golden_retriever,True,5990,16060
788150585577050112,Twitter for iPhone,Leo,13/10,chow,True,1510,6865
787810552592695296,Twitter for iPhone,Frank,11/10,pug,True,3540,9717
787717603741622272,Twitter for iPhone,Tonks,13/10,German_shepherd,True,3240,11416
787397959788929025,Twitter for iPhone,Moose,11/10,Chihuahua,True,3300,12120
786963064373534720,Twitter for iPhone,Rory,12/10,golden_retriever,True,9327,29725
786709082849828864,Twitter for iPhone,Logan,13/10,Pomeranian,True,7069,20296
786595970293370880,Twitter for iPhone,Dale,11/10,Pembroke,True,3601,10497
786363235746385920,Twitter for iPhone,Rizzo,13/10,golden_retriever,True,4072,12189
786233965241827333,Twitter for iPhone,Mattie,11/10,Labrador_retriever,True,5571,17178
785872687017132033,Twitter for iPhone,Rusty,12/10,Great_Pyrenees,True,2130,7489
785533386513321988,Twitter for iPhone,Dallas,11/10,miniature_pinscher,True,2334,10183
784826020293709826,Twitter for iPhone,Rusty,13/10,chow,True,3712,11310
784517518371221505,Twitter for iPhone,Frankie,11/10,malamute,True,2970,10039
784431430411685888,Twitter for iPhone,Stormy,12/10,miniature_poodle,True,1491,6329
783821107061198850,Twitter for iPhone,Mairi,12/10,Lakeland_terrier,True,2269,8209
783695101801398276,Twitter for iPhone,Loomis,12/10,chow,True,3737,11650
783466772167098368,Twitter for iPhone,Finn,11/10,Chihuahua,True,2608,9468
783391753726550016,Twitter for iPhone,Godi,13/10,Norwegian_elkhound,True,6441,18908
783334639985389568,Twitter for iPhone,Dave,12/10,Cardigan,True,13616,32651
783085703974514689,Twitter for iPhone,Earl,11/10,Chesapeake_Bay_retriever,True,2565,9112
782747134529531904,Twitter for iPhone,Deacon,11/10,golden_retriever,True,1604,8310
782722598790725632,Twitter for iPhone,Penny,10/10,Irish_setter,True,6238,19250
782598640137187329,Twitter for iPhone,Timmy,11/10,malamute,True,2184,8694
782305867769217024,Twitter for iPhone,Sampson,12/10,briard,True,6470,18630
781251288990355457,Twitter for iPhone,Oakley,11/10,Mexican_hairless,True,2458,9428
780858289093574656,Twitter for iPhone,Dash,10/10,Chesapeake_Bay_retriever,True,2328,8033
780800785462489090,Twitter for iPhone,Koda,11/10,Siberian_husky,True,1505,6141
780601303617732608,Twitter for iPhone,Hercules,12/10,Saint_Bernard,True,3839,13525
780459368902959104,Twitter for iPhone,Bear,11/10,Great_Dane,True,1224,5892
779834332596887552,Twitter for iPhone,Scout,11/10,golden_retriever,True,8237,21252
779123168116150273,Twitter for iPhone,Reggie,12/10,toy_poodle,True,4207,13206
778990705243029504,Twitter for iPhone,Jay,11/10,cocker_spaniel,True,8437,22342
778748913645780993,Twitter for iPhone,Mya,11/10,Staffordshire_bullterrier,True,1562,7717
778650543019483137,Twitter for iPhone,Strider,10/10,German_shepherd,True,1729,6430
778624900596654080,Twitter for iPhone,Penny,11/10,Airedale,True,1176,5177
778383385161035776,Twitter for iPhone,Nala,13/10,collie,True,1271,6515
778286810187399168,Twitter for iPhone,Stanley,11/10,Boston_bull,True,3836,11576
778027034220126208,Twitter for iPhone,Sophie,13/10,clumber,True,1885,7320
777885040357281792,Twitter for iPhone,Wesley,3/10,Afghan_hound,True,1893,7078
777621514455814149,Twitter for iPhone,Derek,12/10,chow,True,2910,9742
777189768882946048,Twitter for iPhone,Jeffrey,12/10,Chihuahua,True,4999,15921
776813020089548800,Twitter for iPhone,Solomon,12/10,toy_poodle,True,1405,5444
776477788987613185,Twitter for iPhone,Huck,11/10,Labrador_retriever,True,3249,9858
776201521193218049,Twitter for iPhone,O,10/10,Rottweiler,True,2919,10681
775842724423557120,Twitter for iPhone,Blue,12/10,chow,True,3116,13022
775364825476165632,Twitter for iPhone,Finley,11/10,beagle,True,3472,8295
775085132600442880,Twitter for iPhone,Tucker,13/10,chow,True,5488,17281
774757898236878852,Twitter for iPhone,Finley,12/10,toy_poodle,True,2035,9462
774639387460112384,Twitter for iPhone,Sprinkles,10/10,Walker_hound,True,2013,7508
773922284943896577,Twitter for iPhone,Heinrich,12/10,Pomeranian,True,1999,7110
773704687002451968,Twitter for iPhone,Loki,12/10,silky_terrier,True,1891,7317
773670353721753600,Twitter for iPhone,Shakespeare,10/10,Old_English_sheepdog,True,1501,5935
773547596996571136,Twitter for iPhone,Chelsea,11/10,Norwegian_elkhound,True,7126,24553
773191612633579521,Twitter for iPhone,Grey,12/10,Blenheim_spaniel,True,4736,11117
772826264096874500,Twitter for iPhone,Roosevelt,11/10,basset,True,2669,8842
772193107915964416,Twitter for iPhone,Willem,12/10,Pembroke,True,1612,6665
772117678702071809,Twitter for iPhone,Jack,12/10,Labrador_retriever,True,848,4165
772114945936949249,Twitter for iPhone,Finn,10/10,Chihuahua,True,546,3005
772102971039580160,Twitter for iPhone,Penny,11/10,Pembroke,True,1065,4448
771770456517009408,Twitter for iPhone,Davey,11/10,papillon,True,3924,13356
771500966810099713,Twitter for iPhone,Dakota,12/10,Labrador_retriever,True,3018,9167
771380798096281600,Twitter for iPhone,Fizz,11/10,collie,True,5912,11746
771102124360998913,Twitter for iPhone,Charlie,12/10,Labrador_retriever,True,1663,6898
770787852854652928,Twitter for iPhone,Winston,10/10,Bernese_mountain_dog,True,1415,5498
770772759874076672,Twitter for iPhone,Sebastian,11/10,chow,True,1626,5749
770293558247038976,Twitter for iPhone,Jackson,10/10,Italian_greyhound,True,1718,6923
770069151037685760,Twitter for iPhone,Carbon,10/10,Boston_bull,True,2651,8385
769940425801170949,Twitter for iPhone,Klein,12/10,miniature_pinscher,True,11131,34948
769695466921623552,Twitter for iPhone,Titan,13/10,pug,True,1926,7101
769212283578875904,Twitter for iPhone,DonDon,12/10,golden_retriever,True,1969,5980
768970937022709760,Twitter Web Client,Kirby,12/10,Pomeranian,True,7574,16017
768855141948723200,Twitter for iPhone,Jesse,11/10,chow,True,1034,4660
768609597686943744,Twitter for iPhone,Lou,10/10,basenji,True,1382,4580
768596291618299904,Twitter for iPhone,Oakley,12/10,Great_Pyrenees,True,1473,5592
768473857036525572,Twitter for iPhone,Chevy,11/10,Labrador_retriever,True,3958,15110
767754930266464257,Twitter for iPhone,Philbert,11/10,vizsla,True,6221,17814
767500508068192258,Twitter for iPhone,Louie,12/10,chow,True,2688,8295
767122157629476866,Twitter for iPhone,Rupert,13/10,toy_poodle,True,3261,11227
766793450729734144,Twitter for iPhone,Rufus,10/10,beagle,True,1565,5650
766693177336135680,Twitter for iPhone,Brudge,11/10,Doberman,True,918,4484
766423258543644672,Twitter for iPhone,Shadoe,9/10,keeshond,True,1825,6671
766313316352462849,Twitter for iPhone,Oscar,12/10,toy_poodle,True,2166,7493
766069199026450432,Twitter for iPhone,Juno,12/10,redbone,True,1003,4765
766008592277377025,Twitter for iPhone,Angel,11/10,Welsh_springer_spaniel,True,571,4149
765719909049503744,Twitter for iPhone,Brat,12/10,golden_retriever,True,2475,8021
765669560888528897,Twitter for iPhone,Tove,12/10,beagle,True,1407,5760
765395769549590528,Twitter for iPhone,my,13/10,Pembroke,True,3127,20539
765371061932261376,Twitter for iPhone,Louie,11/10,golden_retriever,True,2475,7842
765222098633691136,Twitter for iPhone,Gromit,10/10,dalmatian,True,3914,12902
764857477905154048,Twitter for iPhone,Aubie,12/10,Bernese_mountain_dog,True,2029,7099
764259802650378240,Twitter for iPhone,Kota,10/10,German_shepherd,True,1745,6718
763837565564780549,Twitter for iPhone,Alfie,11/10,malamute,True,4858,14041
763183847194451968,Twitter for iPhone,Clark,8/10,miniature_poodle,True,1702,6004
762699858130116608,Twitter for iPhone,Leela,11/10,kelpie,True,4190,13518
762471784394268675,Twitter for iPhone,Glenn,12/10,Samoyed,True,7612,12571
762464539388485633,Twitter for iPhone,Buddy,12/10,chow,True,4839,11503
761976711479193600,Twitter for iPhone,Shelby,12/10,Labrador_retriever,True,2310,5992
761599872357261312,Twitter for iPhone,Sephie,11/10,Gordon_setter,True,1336,4578
761334018830917632,Twitter for iPhone,Bruce,10/10,Norwegian_elkhound,True,1669,5792
761292947749015552,Twitter for iPhone,Bonaparte,11/10,standard_poodle,True,1265,4957
761004547850530816,Twitter for iPhone,Bo,11/10,golden_retriever,True,3952,12482
760893934457552897,Twitter for iPhone,Wishes,11/10,Blenheim_spaniel,True,1104,4228
760656994973933572,Twitter for iPhone,Rose,11/10,golden_retriever,True,2210,7343
760539183865880579,Twitter for iPhone,Atlas,12/10,Samoyed,True,4168,8399
760290219849637889,Twitter Web Client,Rocco,13/10,Old_English_sheepdog,True,13140,29618
759846353224826880,Twitter for iPhone,Kirby,11/10,Sussex_spaniel,True,2265,7433
759793422261743616,Twitter for iPhone,Maggie,12/10,golden_retriever,True,2173,6620
759557299618865152,Twitter for iPhone,Emma,10/10,golden_retriever,True,1341,5202
759447681597108224,Twitter for iPhone,Oakley,11/10,kuvasz,True,2827,9418
759197388317847553,Twitter for iPhone,Luna,12/10,kuvasz,True,2221,6725
759099523532779520,Twitter for iPhone,Toby,7/10,Shetland_sheepdog,True,4813,16101
759047813560868866,Twitter for iPhone,Spencer,11/10,Labrador_retriever,True,2302,7227
758740312047005698,Twitter for iPhone,Boston,12/10,Chesapeake_Bay_retriever,True,1824,6339
758474966123810816,Twitter for iPhone,Brandonald,11/10,Pembroke,True,1132,4227
758405701903519748,Twitter for iPhone,Odie,10/10,Chesapeake_Bay_retriever,True,2204,5756
758355060040593408,Twitter for iPhone,Corey,11/10,Pembroke,True,1245,3797
757611664640446465,Twitter for iPhone,Cooper,12/10,bluetick,True,1272,5026
757354760399941633,Twitter for iPhone,Devón,8/10,Italian_greyhound,True,1637,4995
756998049151549440,Twitter for iPhone,Oliver,11/10,golden_retriever,True,2271,6923
756939218950160384,Twitter for iPhone,Jax,12/10,golden_retriever,True,2295,7342
756651752796094464,Twitter for iPhone,Gert,11/10,Pembroke,True,1511,5612
755110668769038337,Twitter for iPhone,Watson,13/10,Labrador_retriever,True,12621,23446
754856583969079297,Twitter for iPhone,Winnie,11/10,golden_retriever,True,2870,7616
754449512966619136,Twitter for iPhone,Dex,11/10,beagle,True,846,4147
754011816964026368,Twitter for iPhone,Charlie,12/10,French_bulldog,True,4079,9726
753398408988139520,Twitter for iPhone,Scout,12/10,whippet,True,2186,6384
753375668877008896,Twitter for iPhone,Hank,8/10,bluetick,True,2655,8411
753294487569522689,Twitter for iPhone,Ace,11/10,chow,True,1191,3758
753026973505581056,Twitter for iPhone,Tayzie,10/10,Pembroke,True,1109,4283
752917284578922496,Twitter for iPhone,Grizzie,11/10,German_shepherd,True,1790,7592
752173152931807232,Twitter for iPhone,Brody,12/10,Labrador_retriever,True,2106,6569
751937170840121344,Twitter for iPhone,Ruby,11/10,Lakeland_terrier,True,1530,5770
751830394383790080,Twitter for iPhone,Tucker,12/10,chow,True,2227,6428
751598357617971201,Twitter for iPhone,Toby,13/10,toy_poodle,True,3440,8699
751538714308972544,Twitter for iPhone,Max,10/10,Labrador_retriever,True,1445,5547
751251247299190784,Twitter for iPhone,Gilbert,10/10,Walker_hound,True,6695,13791
751132876104687617,Twitter for iPhone,Cooper,10/10,Labrador_retriever,True,1480,5610
750868782890057730,Twitter for iPhone,Milo,11/10,toy_poodle,True,1595,5306
750719632563142656,Twitter for iPhone,Meyer,12/10,Pembroke,True,5747,14621
750429297815552001,Twitter for iPhone,Arnie,12/10,golden_retriever,True,4947,14569
750383411068534784,Twitter for iPhone,Zoe,9/10,Border_collie,True,1309,5005
750132105863102464,Twitter for iPhone,Stewie,11/10,toy_poodle,True,1440,3990
750117059602808832,Twitter for iPhone,Calvin,10/10,Shih-Tzu,True,1466,4740
750101899009982464,Twitter for iPhone,Lilah,11/10,golden_retriever,True,959,3344
750086836815486976,TweetDeck,Spanky,12/10,pug,True,613,2383
750056684286914561,TweetDeck,Jameson,11/10,Saluki,True,1011,3444
750041628174217216,TweetDeck,Beau,13/10,Labrador_retriever,True,703,3502
750026558547456000,TweetDeck,Jax,10/10,standard_poodle,True,888,2986
749996283729883136,TweetDeck,Bo,12/10,Old_English_sheepdog,True,919,3331
749774190421639168,Twitter for iPhone,Lucy,12/10,Pekinese,True,1493,5114
749417653287129088,Twitter for iPhone,Finn,11/10,papillon,True,1904,6721
749395845976588288,Twitter for iPhone,George,10/10,Pomeranian,True,3951,9488
749317047558017024,Twitter for iPhone,Blu,12/10,wire-haired_fox_terrier,True,2509,6076
749064354620928000,Twitter for iPhone,Winston,11/10,pug,True,1714,5277
748977405889503236,Twitter for iPhone,not,10/10,German_short-haired_pointer,True,3759,11235
748932637671223296,Twitter for iPhone,Divine,13/10,borzoi,True,2564,6461
748699167502000129,Twitter for iPhone,Tripp,11/10,Pembroke,True,1814,5213
748568946752774144,Twitter for iPhone,Cora,12/10,Tibetan_terrier,True,776,2411
748324050481647620,Twitter for iPhone,Duke,11/10,Shetland_sheepdog,True,867,4078
747844099428986880,Twitter for iPhone,Huxley,11/10,Pembroke,True,851,3084
747600769478692864,Twitter for iPhone,Bookstore,10/10,Chesapeake_Bay_retriever,True,619,2545
747219827526344708,Twitter for iPhone,Atticus,11/10,Shetland_sheepdog,True,1791,5792
746726898085036033,Twitter for iPhone,Abby,12/10,golden_retriever,True,2037,6648
746507379341139972,Twitter for iPhone,Shiloh,10/10,toy_poodle,True,1226,5094
746131877086527488,Twitter for iPhone,Gustav,10/10,chow,True,2511,7565
746056683365994496,Twitter for iPhone,Arlen,11/10,Shetland_sheepdog,True,931,3904
745789745784041472,Twitter for iPhone,Gus,10/10,Pekinese,True,1207,4437
745422732645535745,Twitter for iPhone,very,9/10,Labrador_retriever,True,2768,9412
745057283344719872,Twitter for iPhone,Oliver,12/10,Shetland_sheepdog,True,2585,7945
744995568523612160,Twitter for iPhone,Abby,9/10,Old_English_sheepdog,True,716,3277
744971049620602880,Twitter for iPhone,Indie,12/10,toy_poodle,True,3042,8652
744709971296780288,Twitter for iPhone,Harvey,10/10,Shetland_sheepdog,True,1771,6150
744334592493166593,Twitter for iPhone,Blanket,11/10,Samoyed,True,2412,7443
743980027717509120,Twitter for iPhone,Geno,11/10,bull_mastiff,True,1231,4551
743609206067040256,Twitter for iPhone,Stark,10/10,Weimaraner,True,1560,4917
743253157753532416,Twitter for iPhone,Kilo,10/10,malamute,True,1366,4624
743210557239623680,Twitter for iPhone,Kayla,10/10,golden_retriever,True,1560,4215
742423170473463808,Twitter for iPhone,Bell,12/10,pug,True,4319,10812
742385895052087300,Twitter for iPhone,Phil,11/10,Cardigan,True,2266,7457
741743634094141440,Twitter for iPhone,Aqua,11/10,Labrador_retriever,True,3144,8945
741438259667034112,Twitter for iPhone,Tucker,9/10,Chesapeake_Bay_retriever,True,937,4026
741303864243200000,Twitter for iPhone,Theodore,12/10,Chihuahua,True,3650,9631
741067306818797568,Twitter for iPhone,just,12/10,golden_retriever,True,3520,10342
740995100998766593,Twitter for iPhone,Leo,10/10,malamute,True,3154,7018
740359016048689152,Twitter for iPhone,Chase,9/10,golden_retriever,True,967,3610
740214038584557568,Twitter for iPhone,getting,10/10,Chesapeake_Bay_retriever,True,2220,7335
739979191639244800,Twitter for iPhone,Nollie,12/10,Irish_water_spaniel,True,6719,21898
739932936087216128,Twitter for iPhone,Rorie,10/10,redbone,True,1217,4443
739844404073074688,Twitter for iPhone,Simba,12/10,toy_poodle,True,966,4138
739606147276148736,Twitter for iPhone,Benji,9/10,Blenheim_spaniel,True,1876,5897
739485634323156992,Twitter for iPhone,Kyle,6/10,Walker_hound,True,3309,7887
738537504001953792,Twitter for iPhone,Bayley,11/10,chow,True,1759,5575
738166403467907072,Twitter for iPhone,Axel,12/10,keeshond,True,3828,9635
738156290900254721,Twitter for iPhone,Storkson,10/10,pug,True,748,2768
737826014890496000,Twitter for iPhone,Remy,10/10,vizsla,True,2006,5757
737800304142471168,Twitter for iPhone,Bella,10/10,malamute,True,3904,10943
736736130620620800,Twitter for iPhone,Chadrick,13/10,schipperke,True,1972,4736
736225175608430592,Twitter for iPhone,very,10/10,Labrador_retriever,True,3115,8901
735991953473572864,Twitter for iPhone,Maxaroni,11/10,cocker_spaniel,True,1283,3934
735635087207878657,Twitter for iPhone,Dakota,11/10,pug,True,2659,6776
735256018284875776,Twitter for iPhone,Kellogg,8/10,Staffordshire_bullterrier,True,993,3675
735137028879360001,Twitter for iPhone,Buckley,9/10,Walker_hound,True,1092,3428
734912297295085568,Twitter for iPhone,Jax,10/10,Maltese_dog,True,572,2993
734776360183431168,Twitter for iPhone,Livvie,11/10,Siberian_husky,True,608,2742
733828123016450049,Twitter for iPhone,Terry,10/10,beagle,True,881,3926
733822306246479872,Twitter for iPhone,Moose,10/10,Lhasa,True,1141,4015
733460102733135873,Twitter for iPhone,Hermione,11/10,chow,True,1451,4605
732726085725589504,Twitter for iPhone,Aldrick,11/10,Pomeranian,True,1003,3855
732005617171337216,Twitter for iPhone,Larry,11/10,English_setter,True,6154,16324
731285275100512256,Twitter for iPhone,Solomon,12/10,Pembroke,True,1090,3798
730573383004487680,Twitter for iPhone,Rooney,10/10,American_Staffordshire_terrier,True,2435,5407
730427201120833536,Twitter for iPhone,Crystal,11/10,Eskimo_dog,True,1176,3809
730211855403241472,Twitter for iPhone,Ziva,11/10,pug,True,1182,4180
729823566028484608,Twitter for iPhone,Stefan,13/10,kelpie,True,1390,4358
729463711119904772,Twitter for iPhone,Pupcasso,13/10,German_shepherd,True,2586,6340
728986383096946689,Twitter for iPhone,Puff,11/10,Maltese_dog,True,917,3460
728751179681943552,Twitter for iPhone,Flurpson,10/10,Saint_Bernard,True,757,3032
728387165835677696,Twitter for iPhone,Enchilada,12/10,collie,True,1075,3999
728046963732717569,Twitter for iPhone,Raymond,11/10,Newfoundland,True,1328,4722
728015554473250816,Twitter for iPhone,Rueben,11/10,cocker_spaniel,True,1219,4479
727685679342333952,Twitter for iPhone,Cilantro,12/10,Border_collie,True,720,3206
727175381690781696,Twitter for iPhone,Karll,10/10,flat-coated_retriever,True,1540,4209
726887082820554753,Twitter for iPhone,Blitz,10/10,soft-coated_wheaten_terrier,True,1677,4195
726828223124897792,Twitter for iPhone,Bloop,12/10,miniature_pinscher,True,1124,3882
725842289046749185,Twitter for iPhone,Colby,12/10,toy_poodle,True,2970,7691
725786712245440512,Twitter for iPhone,Lillie,11/10,chow,True,1527,4537
725729321944506368,Twitter for iPhone,Lola,12/10,boxer,True,2009,5646
724983749226668032,Twitter for iPhone,Fred,12/10,golden_retriever,True,1462,4040
724405726123311104,Twitter for iPhone,Ashleigh,10/10,golden_retriever,True,1847,5800
724049859469295616,Twitter for iPhone,Kreggory,10/10,Border_collie,True,1984,4738
724046343203856385,Twitter for iPhone,Sarge,10/10,boxer,True,620,2901
723912936180330496,Twitter for iPhone,Sugar,12/10,Samoyed,True,1374,4236
723673163800948736,Twitter for iPhone,Ivar,10/10,golden_retriever,True,1011,3291
722613351520608256,Twitter for iPhone,Schnitzel,12/10,Labrador_retriever,True,1831,5393
721503162398597120,Twitter for iPhone,Panda,11/10,Pomeranian,True,2124,5086
721001180231503872,Twitter for iPhone,Oliver,11/10,Samoyed,True,686,2748
720785406564900865,Twitter for iPhone,Archie,12/10,Chihuahua,True,866,3400
720775346191278080,Twitter for iPhone,Berkeley,10/10,Newfoundland,True,760,2702
720389942216527872,Twitter for iPhone,Ralphé,11/10,Pembroke,True,2840,6974
720059472081784833,Twitter for iPhone,Charleson,9/10,Mexican_hairless,True,1268,4229
720043174954147842,Twitter for iPhone,Neptune,11/10,Samoyed,True,2253,5332
719551379208073216,Twitter for iPhone,Harnold,10/10,malamute,True,2192,5515
719339463458033665,Twitter for iPhone,Lucy,10/10,golden_retriever,True,1403,4822
719332531645071360,Twitter for iPhone,Pippa,11/10,Dandie_Dinmont,True,1078,3711
718971898235854848,Twitter for iPhone,Sadie,10/10,golden_retriever,True,1231,3818
718939241951195136,Twitter for iPhone,Otis,12/10,Pembroke,True,1973,5720
718613305783398402,Twitter for iPhone,Carper,11/10,Labrador_retriever,True,542,2669
718246886998687744,Twitter for iPhone,Alexanderson,3/10,Chihuahua,True,565,2115
718234618122661888,Twitter for iPhone,Suki,11/10,malamute,True,1127,4217
717841801130979328,Twitter for iPhone,Barclay,11/10,Brittany_spaniel,True,670,2660
717421804990701568,Twitter for iPhone,Ebby,9/10,miniature_pinscher,True,945,3446
717047459982213120,Twitter for iPhone,Flávio,12/10,golden_retriever,True,2135,6826
717009362452090881,Twitter for iPhone,Smokey,10/10,Siberian_husky,True,1102,3583
716802964044845056,Twitter for iPhone,Link,10/10,malinois,True,1317,4627
716791146589110272,Twitter for iPhone,Jennifur,11/10,Pomeranian,True,1474,5204
716439118184652801,Twitter for iPhone,Bluebert,13/10,Siberian_husky,True,247,2574
716285507865542656,Twitter for iPhone,Stephanus,12/10,Yorkshire_terrier,True,1225,3041
715928423106027520,Twitter for iPhone,Bubbles,11/10,pug,True,987,3485
715696743237730304,Twitter for iPhone,Toby,10/10,Staffordshire_bullterrier,True,1454,4257
715680795826982913,Twitter for iPhone,Zeus,12/10,golden_retriever,True,1813,4719
715342466308784130,Twitter for iPhone,Oscar,10/10,West_Highland_white_terrier,True,768,3294
715220193576927233,Twitter for iPhone,Nico,10/10,Chihuahua,True,736,2630
715200624753819648,Twitter for iPhone,Michelangelope,12/10,Chihuahua,True,2110,5578
714982300363173890,Twitter for iPhone,Calbert,9/10,Brittany_spaniel,True,1166,4094
714957620017307648,Twitter for iPhone,Curtis,10/10,Great_Pyrenees,True,1595,4503
714258258790387713,Twitter for iPhone,Travis,10/10,collie,True,808,3281
714251586676113411,Twitter for iPhone,Thumas,8/10,soft-coated_wheaten_terrier,True,940,3570
713919462244790272,Twitter for iPhone,Kanu,12/10,Siberian_husky,True,869,3564
713761197720473600,Twitter for iPhone,Piper,12/10,Brittany_spaniel,True,1541,5308
713177543487135744,Twitter for iPhone,Lance,10/10,whippet,True,3183,7854
712809025985978368,Twitter for iPhone,Stubert,10/10,Labrador_retriever,True,7602,20378
712668654853337088,Twitter for iPhone,Sunny,10/10,Labrador_retriever,True,1367,4531
712085617388212225,Twitter for iPhone,Olive,11/10,Shih-Tzu,True,556,3531
711743778164514816,Twitter for iPhone,Roosevelt,11/10,Lakeland_terrier,True,1101,3095
711008018775851008,Twitter for iPhone,Chuckles,11/10,French_bulldog,True,710,3275
710997087345876993,Twitter for iPhone,Milo,12/10,malamute,True,1561,4960
710833117892898816,Twitter for iPhone,Sora,12/10,Pembroke,True,606,2937
710588934686908417,Twitter for iPhone,Beemo,12/10,Pembroke,True,2107,4968
710283270106132480,Twitter for iPhone,Gunner,11/10,Shih-Tzu,True,580,2308
710272297844797440,Twitter for iPhone,infuriating,11/10,Old_English_sheepdog,True,1425,4945
710140971284037632,Twitter for iPhone,Tater,8/10,Pekinese,True,1008,3017
709918798883774466,Twitter for iPhone,Watson,12/10,Pembroke,True,1215,3250
709566166965075968,Twitter for iPhone,Olaf,12/10,chow,True,1367,3865
709556954897764353,Twitter for iPhone,Cecil,12/10,golden_retriever,True,1204,3593
709519240576036864,Twitter for iPhone,Vince,9/10,cocker_spaniel,True,277,1620
709449600415961088,Twitter for iPhone,Karma,10/10,Maltese_dog,True,665,2420
709409458133323776,Twitter for iPhone,Billy,8/10,Shetland_sheepdog,True,788,2855
709225125749587968,Twitter for iPhone,Walker,11/10,Labrador_retriever,True,647,2615
709207347839836162,Twitter for iPhone,Penny,11/10,Chihuahua,True,6567,13755
709158332880297985,Twitter for iPhone,Rodney,10/10,Siberian_husky,True,470,2236
708834316713893888,Twitter for iPhone,Malikai,10/10,Eskimo_dog,True,571,1860
708810915978854401,Twitter for iPhone,Mister,10/10,golden_retriever,True,7848,18036
708738143638450176,Twitter for iPhone,Coco,11/10,Pomeranian,True,917,2997
708479650088034305,Twitter for iPhone,Bear,13/10,Shih-Tzu,True,765,2768
708469915515297792,Twitter for iPhone,Bobble,11/10,Chihuahua,True,926,3357
708356463048204288,Twitter for iPhone,Oliver,10/10,pug,True,1520,3929
708149363256774660,Twitter for iPhone,Jebberson,10/10,Cardigan,True,1727,4672
708119489313951744,Twitter for iPhone,Cooper,9/10,Norwich_terrier,True,1102,2937
708109389455101952,Twitter for iPhone,Remington,10/10,Staffordshire_bullterrier,True,610,2124
707969809498152960,Twitter for iPhone,Rufus,11/10,toy_poodle,True,1097,2941
707776935007539200,Twitter for iPhone,Sadie,11/10,miniature_pinscher,True,1079,3593
707610948723478529,Twitter for iPhone,Harper,12/10,golden_retriever,True,7236,18557
707387676719185920,Twitter for iPhone,Clarkus,10/10,Chihuahua,True,1490,3835
707315916783140866,Twitter for iPhone,Finnegus,10/10,Bernese_mountain_dog,True,727,2698
707297311098011648,Twitter for iPhone,Cassie,10/10,Blenheim_spaniel,True,903,3022
707059547140169728,Twitter for iPhone,Cupcake,11/10,Samoyed,True,759,2796
707038192327901184,Twitter for iPhone,Kathmandu,10/10,pug,True,900,2404
707021089608753152,Twitter for iPhone,Tucker,12/10,cocker_spaniel,True,1540,4433
707014260413456384,Twitter for iPhone,Ellie,11/10,Chihuahua,True,664,2502
706681918348251136,Twitter for iPhone,Katie,12/10,toy_poodle,True,1103,3627
706538006853918722,Twitter for iPhone,Oliver,11/10,chow,True,1580,3778
706346369204748288,Twitter for iPhone,Koda,12/10,Tibetan_mastiff,True,1035,3768
706265994973601792,Twitter for iPhone,Kara,11/10,papillon,True,1030,2979
706166467411222528,Twitter for iPhone,Dexter,7/10,Samoyed,True,1819,5636
705975130514706432,Twitter for iPhone,Adele,10/10,Staffordshire_bullterrier,True,842,3397
705970349788291072,Twitter for iPhone,Lucy,12/10,golden_retriever,True,1008,3440
705898680587526145,Twitter for iPhone,Max,10/10,collie,True,643,2597
705475953783398401,Twitter for iPhone,Zara,12/10,golden_retriever,True,1045,3231
705442520700944385,Twitter for iPhone,Cooper,12/10,Great_Pyrenees,True,1859,4877
705428427625635840,Twitter for iPhone,Ambrose,11/10,Chihuahua,True,1931,4188
705239209544720384,Twitter for iPhone,Jimothy,11/10,Chihuahua,True,854,3290
705102439679201280,Twitter for iPhone,Terrenth,10/10,collie,True,585,2342
705066031337840642,Twitter for iPhone,Reese,12/10,Airedale,True,683,2378
704480331685040129,Twitter for iPhone,Lucia,11/10,Samoyed,True,1197,3723
704364645503647744,Twitter for iPhone,Bisquick,12/10,Pembroke,True,3999,8804
703611486317502464,Twitter for iPhone,Scooter,10/10,Pembroke,True,1709,4229
703382836347330562,Twitter for iPhone,Charlie,12/10,golden_retriever,True,1285,3837
703356393781329922,Twitter for iPhone,Socks,9/10,Border_collie,True,429,2085
702684942141153280,Twitter for iPhone,Lucy,11/10,golden_retriever,True,1215,3516
702671118226825216,Twitter for iPhone,Rambo,10/10,bloodhound,True,634,2398
702598099714314240,Twitter for iPhone,Sansa,11/10,kelpie,True,3712,11332
701981390485725185,Twitter for iPhone,Fiji,12/10,Pomeranian,True,1106,3755
701952816642965504,Twitter for iPhone,Rilo,11/10,toy_poodle,True,1149,4167
701889187134500865,Twitter for iPhone,Bilbo,11/10,French_bulldog,True,1558,3905
701601587219795968,Twitter for iPhone,Coopson,10/10,Chihuahua,True,523,2299
701570477911896070,Twitter for iPhone,Yoda,9/10,Yorkshire_terrier,True,1055,3080
701545186879471618,Twitter for iPhone,Millie,10/10,Border_collie,True,680,2902
700847567345688576,Twitter for iPhone,Crouton,10/10,Rhodesian_ridgeback,True,558,2637
700747788515020802,Twitter for iPhone,very,11/10,Great_Pyrenees,True,10673,25130
700518061187723268,Twitter for iPhone,Vincent,10/10,American_Staffordshire_terrier,True,915,2887
700167517596164096,Twitter for iPhone,Dotsy,10/10,beagle,True,836,2903
700029284593901568,Twitter for iPhone,Coops,10/10,West_Highland_white_terrier,True,661,2262
700002074055016451,Twitter for iPhone,Thumas,9/10,Chihuahua,True,1529,3627
699801817392291840,Twitter for iPhone,Cooper,11/10,golden_retriever,True,1088,3345
699788877217865730,Twitter for iPhone,Nala,12/10,Border_terrier,True,557,2458
699775878809702401,Twitter for iPhone,Fillup,11/10,Dandie_Dinmont,True,690,2150
699446877801091073,Twitter for iPhone,Archie,12/10,Pembroke,True,2938,6515
699413908797464576,Twitter for iPhone,Miley,11/10,Samoyed,True,688,2258
699370870310113280,Twitter for iPhone,Calbert,11/10,cairn,True,497,2053
699079609774645248,Twitter for iPhone,Reagan,8/10,schipperke,True,745,2677
698989035503689728,Twitter for iPhone,Oliver,13/10,Norfolk_terrier,True,1113,3701
698953797952008193,Twitter for iPhone,CeCe,11/10,Italian_greyhound,True,1020,2975
698710712454139905,Twitter for iPhone,Cuddles,10/10,Samoyed,True,774,2710
698703483621523456,Twitter for iPhone,Rusty,7/10,Brittany_spaniel,True,425,1608
698549713696649216,Twitter for iPhone,Claude,9/10,French_bulldog,True,704,2536
698355670425473025,Twitter for iPhone,Jessiga,10/10,pug,True,516,2046
698342080612007937,Twitter for iPhone,Maximus,11/10,boxer,True,1074,2485
698262614669991936,Twitter for iPhone,Franklin,11/10,Italian_greyhound,True,2268,5214
698195409219559425,Twitter for iPhone,Beau,9/10,Labrador_retriever,True,6750,18408
698178924120031232,Twitter for iPhone,Lily,10/10,Chesapeake_Bay_retriever,True,830,3084
697990423684476929,Twitter for iPhone,Doug,11/10,Pembroke,True,1451,3592
697943111201378304,Twitter for iPhone,Cassie,10/10,Great_Dane,True,776,2638
697270446429966336,Twitter for iPhone,Bentley,10/10,toy_poodle,True,2087,5131
697259378236399616,Twitter for iPhone,getting,8/10,Great_Dane,True,1136,3611
697255105972801536,Twitter for iPhone,Charlie,10/10,Great_Dane,True,1315,3316
696900204696625153,Twitter for iPhone,Rosie,12/10,Chihuahua,True,1156,3492
696405997980676096,Twitter for iPhone,Berb,7/10,borzoi,True,1284,3531
695794761660297217,Twitter for iPhone,Wyatt,13/10,Samoyed,True,880,3490
695629776980148225,Twitter for iPhone,Calvin,8/10,Old_English_sheepdog,True,2377,5020
695409464418041856,Twitter for iPhone,Bob,10/10,pug,True,4017,9460
695314793360662529,Twitter for iPhone,Colin,10/10,Maltese_dog,True,1675,4004
695095422348574720,Twitter for iPhone,just,12/10,papillon,True,684,2888
695074328191332352,Twitter for iPhone,Lorenzo,11/10,Shih-Tzu,True,1239,3116
695051054296211456,Twitter for iPhone,Brian,6/10,Boston_bull,True,885,2918
694352839993344000,Twitter for iPhone,Oliviér,10/10,Australian_terrier,True,700,2244
694329668942569472,Twitter for iPhone,Grady,9/10,boxer,True,569,2203
694001791655137281,Twitter for iPhone,Chester,11/10,Pembroke,True,1176,3705
693942351086120961,Twitter for iPhone,Kobe,10/10,groenendael,True,413,1896
693642232151285760,Twitter for iPhone,Freddery,9/10,Scottish_deerhound,True,472,2790
693280720173801472,Twitter for iPhone,Sadie,10/10,Labrador_retriever,True,1403,3669
693231807727280129,Twitter for iPhone,Bodie,9/10,vizsla,True,841,3133
693155686491000832,Twitter for iPhone,Dunkin,12/10,Shih-Tzu,True,3622,8668
692905862751522816,Twitter for iPhone,Wally,10/10,Mexican_hairless,True,998,2683
692894228850999298,Twitter for iPhone,Tupawc,10/10,German_short-haired_pointer,True,910,2511
692568918515392513,Twitter for iPhone,Chester,12/10,golden_retriever,True,1737,4739
692535307825213440,Twitter for iPhone,Amber,10/10,pug,True,1529,3504
692530551048294401,Twitter for iPhone,Cody,10/10,Siberian_husky,True,474,2021
692158366030913536,Twitter for iPhone,Edgar,10/10,pug,True,896,2369
692017291282812928,Twitter for iPhone,Kingsley,9/10,Tibetan_terrier,True,1081,3153
691675652215414786,Twitter for iPhone,Richie,10/10,Chihuahua,True,577,2116
691459709405118465,Twitter for iPhone,Leo,12/10,Shetland_sheepdog,True,1294,4449
691444869282295808,Twitter for iPhone,Bailey,12/10,Bernese_mountain_dog,True,955,2890
691321916024623104,Twitter for iPhone,Molly,11/10,Rottweiler,True,747,2828
690735892932222976,Twitter for iPhone,Peaches,13/10,golden_retriever,True,1442,4134
690728923253055490,Twitter for iPhone,Vinscent,8/10,kuvasz,True,597,2384
690597161306841088,Twitter for iPhone,Lolo,11/10,Lhasa,True,681,2163
690400367696297985,Twitter for iPhone,Eriq,10/10,Pembroke,True,509,2041
690374419777196032,Twitter for iPhone,Phred,11/10,kuvasz,True,972,3560
689999384604450816,Twitter for iPhone,Covach,10/10,standard_poodle,True,424,1561
689905486972461056,Twitter for iPhone,Gizmo,11/10,Pomeranian,True,787,2651
689877686181715968,Twitter for iPhone,Durg,9/10,Old_English_sheepdog,True,1344,3323
689835978131935233,Twitter for iPhone,Fynn,11/10,collie,True,850,2369
689661964914655233,Twitter for iPhone,Luca,12/10,Italian_greyhound,True,1052,3501
689623661272240129,Twitter for iPhone,Lucy,10/10,toy_poodle,True,748,2467
689517482558820352,Twitter for iPhone,Carl,12/10,Pembroke,True,1609,3735
689283819090870273,Twitter for iPhone,Chipson,9/10,Scotch_terrier,True,1250,3624
689280876073582592,Twitter for iPhone,Herald,10/10,Chihuahua,True,819,2197
689275259254616065,Twitter for iPhone,Lucky,10/10,American_Staffordshire_terrier,True,285,1273
689143371370250240,Twitter for iPhone,Trip,10/10,English_springer,True,579,2232
688828561667567616,Twitter for iPhone,Brad,9/10,Cardigan,True,420,1508
688789766343622656,Twitter for iPhone,Pubert,8/10,American_Staffordshire_terrier,True,759,2434
688547210804498433,Twitter for iPhone,Frönq,9/10,papillon,True,789,2862
688385280030670848,Twitter for iPhone,Louis,12/10,golden_retriever,True,5035,10180
688064179421470721,Twitter for iPhone,Kilo,11/10,Eskimo_dog,True,408,1878
687826841265172480,Twitter for iPhone,Louis,12/10,Pomeranian,True,1292,2989
687807801670897665,Twitter for iPhone,Trooper,11/10,Staffordshire_bullterrier,True,801,2625
687704180304273409,Twitter for iPhone,Blakely,9/10,miniature_pinscher,True,950,2660
687664829264453632,Twitter for iPhone,Opal,11/10,pug,True,576,2121
687494652870668288,Twitter for iPhone,Marq,7/10,Rottweiler,True,654,2104
687460506001633280,Twitter for iPhone,Kramer,10/10,Boston_bull,True,614,2243
687317306314240000,Twitter for iPhone,Tyrone,11/10,Shih-Tzu,True,10411,22073
687127927494963200,Twitter for iPhone,Gordon,9/10,pug,True,2591,6004
687109925361856513,Twitter for iPhone,Baxter,11/10,borzoi,True,2803,6370
686683045143953408,Twitter for iPhone,Mona,11/10,Norwich_terrier,True,912,3072
686618349602762752,Twitter for iPhone,Olivia,11/10,Rottweiler,True,1544,4042
686606069955735556,Twitter for iPhone,Horace,10/10,Labrador_retriever,True,607,2071
686386521809772549,Twitter for iPhone,Crimson,11/10,Yorkshire_terrier,True,996,3553
686377065986265092,Twitter for iPhone,Birf,10/10,German_shepherd,True,637,2433
686050296934563840,Twitter for iPhone,Flávio,11/10,Pomeranian,True,836,2420
685973236358713344,Twitter for iPhone,Lorelei,11/10,Siberian_husky,True,611,2326
685906723014619143,Twitter for iPhone,Olive,9/10,Yorkshire_terrier,True,3303,8277
685663452032069632,Twitter for iPhone,Brooks,12/10,Chesapeake_Bay_retriever,True,1656,3557
685641971164143616,Twitter for iPhone,Otis,7/10,Lakeland_terrier,True,885,3218
685321586178670592,Twitter for iPhone,Rocky,10/10,Boston_bull,True,735,2910
685307451701334016,Twitter for iPhone,Petrick,11/10,Pomeranian,True,496,2262
685268753634967552,Twitter for iPhone,Hubertson,10/10,pug,True,1371,3419
685169283572338688,Twitter for iPhone,Gerbald,11/10,Bernese_mountain_dog,True,1620,4489
684940049151070208,Twitter for iPhone,Oreo,12/10,Border_collie,True,1191,3523
684926975086034944,Twitter for iPhone,Bruiser,11/10,Labrador_retriever,True,552,3849
684902183876321280,Twitter for iPhone,Perry,11/10,Pembroke,True,605,2053
684800227459624960,Twitter for iPhone,Theodore,11/10,miniature_schnauzer,True,1124,2979
684481074559381504,Twitter for iPhone,Pippa,10/10,Chihuahua,True,1320,4249
684460069371654144,Twitter for iPhone,Jeph,10/10,Labrador_retriever,True,628,2169
684241637099323392,Twitter for iPhone,Obi,12/10,Pembroke,True,3727,8999
684195085588783105,Twitter for iPhone,Tino,9/10,Chihuahua,True,595,2108
684177701129875456,Twitter for iPhone,Kulet,10/10,chow,True,764,2215
684097758874210310,Twitter for iPhone,Lupe,10/10,Labrador_retriever,True,1621,4515
683857920510050305,Twitter for iPhone,Sadie,10/10,bluetick,True,1262,4163
683852578183077888,Twitter for iPhone,Tiger,10/10,toy_poodle,True,397,2111
683773439333797890,Twitter for iPhone,Buddy,9/10,miniature_pinscher,True,1533,3684
683742671509258241,Twitter for iPhone,Sebastian,11/10,Pembroke,True,3781,7162
683498322573824003,Twitter for iPhone,Griffin,11/10,Airedale,True,1095,3469
683481228088049664,Twitter for iPhone,Banjo,11/10,keeshond,True,1118,2878
683391852557561860,Twitter for iPhone,Jack,11/10,French_bulldog,True,2702,8356
683142553609318400,Twitter for iPhone,Brandy,9/10,Leonberg,True,1173,3162
683111407806746624,Twitter for iPhone,Larry,10/10,cocker_spaniel,True,1034,3736
683030066213818368,Twitter for iPhone,Lulu,10/10,boxer,True,832,2370
682750546109968385,Twitter for iPhone,Taco,9/10,English_setter,True,494,1674
682662431982772225,Twitter for iPhone,Joey,11/10,beagle,True,1207,3326
682393905736888321,Twitter for iPhone,Kreg,11/10,vizsla,True,773,2441
682389078323662849,Twitter for iPhone,Brody,9/10,curly-coated_retriever,True,518,1828
682259524040966145,Twitter for iPhone,Jax,9/10,Siberian_husky,True,1375,4578
682032003584274432,Twitter for iPhone,Ulysses,11/10,schipperke,True,2294,7223
681981167097122816,Twitter for iPhone,Jimothy,12/10,Labrador_retriever,True,1161,3043
681891461017812993,Twitter for iPhone,Charlie,10/10,Chihuahua,True,951,2706
681694085539872773,Twitter for iPhone,Bo,11/10,toy_poodle,True,4581,14010
681654059175129088,Twitter for iPhone,Toffee,12/10,Pomeranian,True,1045,2903
681579835668455424,Twitter for iPhone,Apollo,8/10,Rottweiler,True,1489,3893
681523177663676416,Twitter for iPhone,Carly,12/10,Norfolk_terrier,True,6620,15749
681320187870711809,Twitter for iPhone,Glacier,11/10,Samoyed,True,863,2918
681297372102656000,Twitter for iPhone,actually,12/10,Lhasa,True,1091,3490
681281657291280384,Twitter for iPhone,Sarge,11/10,Saint_Bernard,True,1258,3520
681261549936340994,Twitter for iPhone,Panda,9/10,Tibetan_terrier,True,308,1597
681193455364796417,Twitter for iPhone,Aspen,11/10,Pomeranian,True,1691,4077
680940246314430465,Twitter for iPhone,Alice,4/10,soft-coated_wheaten_terrier,True,1225,3544
680934982542561280,Twitter for iPhone,Sadie,10/10,Labrador_retriever,True,497,2285
680913438424612864,Twitter for iPhone,Griswold,11/10,Pomeranian,True,705,2609
680889648562991104,Twitter for iPhone,Cheesy,9/10,Shetland_sheepdog,True,418,1945
680836378243002368,Twitter for iPhone,Ellie,12/10,Pembroke,True,1513,3766
680609293079592961,Twitter for iPhone,Brody,9/10,French_bulldog,True,816,2906
680497766108381184,Twitter for iPhone,Percy,12/10,Chihuahua,True,2162,4639
680473011644985345,Twitter for iPhone,Hector,10/10,Lakeland_terrier,True,844,2778
680161097740095489,Twitter for iPhone,Goliath,12/10,bluetick,True,828,2538
680145970311643136,Twitter for iPhone,Kawhi,10/10,miniature_poodle,True,1972,3955
680130881361686529,Twitter for iPhone,Reggie,10/10,Maltese_dog,True,1078,2519
680115823365742593,Twitter for iPhone,Ozzy,9/10,pug,True,1028,2972
680055455951884288,TweetDeck,Sammy,10/10,Samoyed,True,8067,18278
679844490799091713,Twitter for iPhone,Willie,10/10,Airedale,True,887,2593
679777920601223168,Twitter for iPhone,Rinna,10/10,bloodhound,True,1281,3390
679722016581222400,Twitter for iPhone,Mike,8/10,boxer,True,539,1817
679511351870550016,Twitter for iPhone,William,7/10,Chihuahua,True,1461,3711
679475951516934144,Twitter for iPhone,Evy,9/10,Maltese_dog,True,728,2304
679462823135686656,Twitter for iPhone,Hurley,11/10,toy_poodle,True,21324,34856
679158373988876288,Twitter for iPhone,Rubio,11/10,pug,True,9193,23568
679132435750195208,Twitter for iPhone,Louis,10/10,Scottish_deerhound,True,1314,3253
679111216690831360,Twitter for iPhone,officially,12/10,kelpie,True,2893,6514
678969228704284672,Twitter for iPhone,Lola,11/10,Labrador_retriever,True,528,1796
678798276842360832,Twitter for iPhone,Linda,7/10,Airedale,True,1350,3804
678774928607469569,Twitter for iPhone,Tug,11/10,Pembroke,True,1043,3037
678764513869611008,Twitter for iPhone,Wilson,10/10,Irish_terrier,True,544,1788
678755239630127104,Twitter for iPhone,Dash,10/10,malamute,True,3741,7802
678643457146150913,Twitter for iPhone,Grizz,10/10,Labrador_retriever,True,489,2250
678424312106393600,Twitter for iPhone,Crystal,2/10,Maltese_dog,True,2880,5916
678410210315247616,Twitter for iPhone,Jerome,10/10,schipperke,True,2072,4640
678389028614488064,Twitter for iPhone,Bella,11/10,miniature_pinscher,True,473,2044
678334497360859136,Twitter for iPhone,Rosie,10/10,Norfolk_terrier,True,304,1427
678255464182861824,Twitter for iPhone,Jessifer,9/10,Chihuahua,True,418,1726
678021115718029313,Twitter for iPhone,Reese,12/10,miniature_pinscher,True,7148,15018
677700003327029250,Twitter for iPhone,Ralph,10/10,Siberian_husky,True,1622,3689
677698403548192770,Twitter for iPhone,Sadie,9/10,Shih-Tzu,True,363,1332
677530072887205888,Twitter for iPhone,Axel,9/10,Staffordshire_bullterrier,True,250,1161
677331501395156992,Twitter for iPhone,Humphrey,9/10,beagle,True,265,1189
677314812125323265,Twitter for iPhone,Tassy,10/10,Blenheim_spaniel,True,611,1799
677301033169788928,Twitter for iPhone,Juckson,5/10,Japanese_spaniel,True,471,1362
676975532580409345,Twitter for iPhone,Cooper,11/10,malamute,True,1203,3015
676949632774234114,Twitter for iPhone,Tyrus,8/10,Welsh_springer_spaniel,True,448,1413
676864501615042560,Twitter for iPhone,Ash,10/10,Chesapeake_Bay_retriever,True,808,2294
676811746707918848,Twitter for iPhone,Penny,9/10,Chihuahua,True,469,1536
676603393314578432,Twitter for iPhone,Godzilla,9/10,whippet,True,440,1280
676588346097852417,Twitter for iPhone,Bubbles,5/10,Boston_bull,True,896,2533
676496375194980353,Twitter for iPhone,Griffin,9/10,pug,True,602,1641
676430933382295552,Twitter for iPhone,Duke,10/10,golden_retriever,True,385,1526
676237365392908289,Twitter for iPhone,Winston,8/10,French_bulldog,True,331,1335
676146341966438401,Twitter for iPhone,Bert,10/10,Irish_water_spaniel,True,744,2077
676101918813499392,Twitter for iPhone,Striker,11/10,Shih-Tzu,True,1284,3042
675891555769696257,Twitter for iPhone,Donny,6/10,Italian_greyhound,True,976,2297
675845657354215424,Twitter for iPhone,Pepper,10/10,pug,True,1000,2477
675798442703122432,Twitter for iPhone,Bernie,10/10,beagle,True,3787,11101
675781562965868544,Twitter for iPhone,Buddah,11/10,Maltese_dog,True,537,1750
675710890956750848,Twitter for iPhone,Lenny,12/10,standard_schnauzer,True,928,2046
675531475945709568,Twitter for iPhone,Ellie,10/10,Pembroke,True,428,1276
675522403582218240,Twitter for iPhone,Sammy,10/10,cocker_spaniel,True,316,1122
675497103322386432,Twitter for iPhone,Reggie,11/10,vizsla,True,1443,3397
675362609739206656,Twitter for iPhone,Daisy,12/10,Labrador_retriever,True,262,1136
675111688094527488,Twitter for iPhone,Oliver,8/10,Labrador_retriever,True,283,1042
675006312288268288,Twitter for iPhone,Mollie,10/10,boxer,True,252,1057
675003128568291329,Twitter for iPhone,Laela,12/10,Pembroke,True,517,1672
674800520222154752,Twitter for iPhone,Tedders,11/10,Pembroke,True,949,3240
674788554665512960,Twitter for iPhone,Maggie,9/10,miniature_poodle,True,230,871
674774481756377088,Twitter for iPhone,Superpup,11/10,Chihuahua,True,532,1213
674743008475090944,Twitter for iPhone,Sophie,10/10,Bernese_mountain_dog,True,607,1514
674737130913071104,Twitter for iPhone,Rufio,10/10,Pomeranian,True,103,693
674670581682434048,Twitter for iPhone,Jeb,9/10,malamute,True,729,1751
674468880899788800,Twitter for iPhone,Louis,13/10,chow,True,2275,6676
674422304705744896,Twitter for iPhone,Ava,12/10,golden_retriever,True,592,1536
674416750885273600,Twitter for iPhone,Jonah,10/10,Chihuahua,True,157,731
674291837063053312,Twitter for iPhone,Kenny,11/10,Cardigan,True,6533,15817
674269164442398721,Twitter for iPhone,Bob,8/10,pug,True,255,961
674262580978937856,Twitter for iPhone,Gus,9/10,Greater_Swiss_Mountain_dog,True,498,1391
674255168825880576,Twitter for iPhone,Bobbay,10/10,Eskimo_dog,True,619,1581
674075285688614912,Twitter for iPhone,Mitch,11/10,Airedale,True,316,1047
674053186244734976,Twitter for iPhone,Stanley,10/10,Cardigan,True,1441,3576
674051556661161984,Twitter for iPhone,Lucy,10/10,Shih-Tzu,True,530,1564
674038233588723717,Twitter for iPhone,Kaiya,12/10,Eskimo_dog,True,456,1176
674036086168010753,Twitter for iPhone,Daisy,9/10,toy_poodle,True,240,906
674019345211760640,Twitter for iPhone,Acro,10/10,collie,True,340,1208
674014384960745472,Twitter for iPhone,Aiden,11/10,Pembroke,True,714,1676
673956914389192708,Twitter for iPhone,one,10/10,pug,True,1069,2091
673708611235921920,Twitter for iPhone,Riley,12/10,golden_retriever,True,315,1153
673707060090052608,Twitter for iPhone,Raymond,10/10,German_short-haired_pointer,True,434,1177
673705679337693185,Twitter for iPhone,Dot,8/10,Shih-Tzu,True,439,1337
673688752737402881,Twitter for iPhone,Larry,9/10,soft-coated_wheaten_terrier,True,534,1325
673686845050527744,Twitter for iPhone,George,11/10,Pekinese,True,479,1544
673680198160809984,Twitter for iPhone,Shnuggles,13/10,Samoyed,True,521,1460
673662677122719744,Twitter for iPhone,Kendall,12/10,Labrador_retriever,True,397,1339
673656262056419329,Twitter for iPhone,Albert,10/10,bull_mastiff,True,265,769
673612854080196609,Twitter for iPhone,Jeffri,7/10,Newfoundland,True,802,1691
673359818736984064,Twitter for iPhone,Steve,8/10,English_setter,True,728,1558
673355879178194945,Twitter for iPhone,Koda,11/10,Rottweiler,True,652,1606
673350198937153538,Twitter for iPhone,Bella,9/10,West_Highland_white_terrier,True,229,784
673320132811366400,Twitter for iPhone,Frankie,11/10,Samoyed,True,8705,14441
673295268553605120,Twitter for iPhone,Eve,8/10,golden_retriever,True,3484,8046
673270968295534593,Twitter for iPhone,Mac,11/10,Shih-Tzu,True,400,1134
673213039743795200,Twitter for iPhone,Dexter,10/10,schipperke,True,929,2410
672997845381865473,Twitter for iPhone,Kenzie,12/10,chow,True,786,2092
672995267319328768,Twitter for iPhone,Pumpkin,8/10,French_bulldog,True,328,1001
672988786805112832,Twitter for iPhone,Schnozz,10/10,Lakeland_terrier,True,314,1039
672975131468300288,Twitter for iPhone,Chuckles,10/10,pug,True,1015,1813
672968025906282496,Twitter for iPhone,Gustaf,11/10,toy_poodle,True,602,1405
672964561327235073,Twitter for iPhone,Terry,10/10,Chihuahua,True,701,1530
672877615439593473,Twitter for iPhone,Oscar,8/10,Chihuahua,True,405,1096
672834301050937345,Twitter for iPhone,Ed,10/10,Pembroke,True,623,1398
672640509974827008,Twitter for iPhone,Leonidas,9/10,Chesapeake_Bay_retriever,True,348,1032
672594978741354496,Twitter for iPhone,Scott,9/10,Great_Pyrenees,True,661,1411
672591762242805761,Twitter for iPhone,Taz,10/10,kuvasz,True,367,1014
672488522314567680,Twitter for iPhone,Jackie,10/10,Doberman,True,482,1187
672482722825261057,Twitter for iPhone,light,10/10,West_Highland_white_terrier,True,665,1221
672481316919734272,Twitter for iPhone,Jazz,12/10,Border_collie,True,137,757
672466075045466113,Twitter for iPhone,Franq,12/10,cocker_spaniel,True,598,1447
672272411274932228,Twitter for iPhone,Pippin,11/10,pug,True,3677,6888
672264251789176834,Twitter for iPhone,Kreg,10/10,Chihuahua,True,383,1212
672254177670729728,Twitter for iPhone,Rolf,11/10,pug,True,800,1515
672245253877968896,Twitter for iPhone,Snickers,12/10,Chihuahua,True,169,733
672239279297454080,Twitter for iPhone,Ridley,7/10,pug,True,347,953
672222792075620352,Twitter for iPhone,Cal,9/10,beagle,True,231,833
672169685991993344,Twitter for iPhone,Bradley,10/10,cocker_spaniel,True,408,1074
672160042234327040,Twitter for iPhone,Bubba,8/10,pug,True,395,918
672095186491711488,Twitter for iPhone,Tuco,9/10,pug,True,395,1063
672068090318987265,Twitter for iPhone,Gizmo,7/10,pug,True,564,1389
671896809300709376,Twitter for iPhone,Lola,10/10,chow,True,4519,9016
671891728106971137,Twitter for iPhone,Mojo,11/10,Labrador_retriever,True,618,1415
671866342182637568,Twitter for iPhone,Dylan,10/10,Labrador_retriever,True,548,1191
671789708968640512,Twitter for iPhone,space,13/10,dalmatian,True,3811,7527
671542985629241344,Twitter for iPhone,JD,10/10,Shetland_sheepdog,True,616,1166
671536543010570240,Twitter for iPhone,Reginald,9/10,pug,True,441,1253
671528761649688577,Twitter for iPhone,Jax,10/10,Doberman,True,280,896
671520732782923777,Twitter for iPhone,Alejandro,10/10,Pomeranian,True,582,1499
671518598289059840,Twitter for iPhone,Scruffers,9/10,Lakeland_terrier,True,319,1010
671504605491109889,Twitter for iPhone,Charlie,11/10,toy_poodle,True,3866,7495
671486386088865792,Twitter for iPhone,Malcolm,10/10,German_shepherd,True,226,621
671485057807351808,Twitter for iPhone,Penelope,11/10,Samoyed,True,253,806
671355857343524864,Twitter for iPhone,Lou,10/10,miniature_poodle,True,119,508
671186162933985280,Twitter for iPhone,Sparky,10/10,Chihuahua,True,241,788
671154572044468225,Twitter for iPhone,Holly,11/10,Labrador_retriever,True,241,769
671134062904504320,Twitter for iPhone,Clarence,8/10,Shih-Tzu,True,212,796
671115716440031232,Twitter for iPhone,Phred,6/10,malinois,True,842,1436
671109016219725825,Twitter for iPhone,Toby,8/10,basenji,True,478,1225
670840546554966016,Twitter for iPhone,Colby,10/10,Shih-Tzu,True,213,634
670833812859932673,Twitter for iPhone,Jett,7/10,Pekinese,True,135,474
670832455012716544,Twitter for iPhone,Amy,10/10,malinois,True,242,780
670823764196741120,Twitter for iPhone,Remington,12/10,Labrador_retriever,True,205,824
670815497391357952,Twitter for iPhone,Sage,10/10,American_Staffordshire_terrier,True,1708,3410
670811965569282048,Twitter for iPhone,Maggie,10/10,basset,True,295,1202
670807719151067136,Twitter for iPhone,Andy,11/10,Old_English_sheepdog,True,546,1234
670804601705242624,Twitter for iPhone,Mason,10/10,Pomeranian,True,1035,2098
670797304698376195,Twitter for iPhone,Trigger,11/10,Pembroke,True,262,780
670780561024270336,Twitter for iPhone,Traviss,7/10,Labrador_retriever,True,317,831
670764103623966721,Twitter for iPhone,Vincent,10/10,Norfolk_terrier,True,466,1154
670755717859713024,Twitter for iPhone,Gin,9/10,keeshond,True,123,475
670704688707301377,Twitter for iPhone,Danny,6/10,Norwich_terrier,True,405,814
670691627984359425,Twitter for iPhone,Ester,8/10,Shetland_sheepdog,True,266,632
670679630144274432,Twitter for iPhone,Pluto,8/10,Ibizan_hound,True,315,799
670676092097810432,Twitter for iPhone,Bloo,8/10,Dandie_Dinmont,True,45,267
670444955656130560,Twitter for iPhone,Paull,10/10,English_springer,True,2153,7120
670442337873600512,Twitter for iPhone,Koda,11/10,Sussex_spaniel,True,213,690
670428280563085312,Twitter for iPhone,Willy,11/10,chow,True,694,1484
670421925039075328,Twitter for iPhone,Herb,12/10,Chihuahua,True,709,1415
670411370698022913,Twitter for iPhone,Scooter,12/10,Maltese_dog,True,991,2176
670403879788544000,Twitter for iPhone,Nigel,10/10,pug,True,173,460
670385711116361728,Twitter for iPhone,Larry,8/10,whippet,True,234,593
670374371102445568,Twitter for iPhone,Daisy,12/10,English_springer,True,295,785
670338931251150849,Twitter for iPhone,Butters,10/10,cairn,True,122,451
670290420111441920,Twitter for iPhone,Sandra,11/10,Chihuahua,True,315,750
670093938074779648,Twitter for iPhone,Wally,9/10,toy_poodle,True,365,1106
670073503555706880,Twitter for iPhone,Winston,10/10,malamute,True,874,1674
670061506722140161,Twitter for iPhone,Liam,11/10,Italian_greyhound,True,373,822
670046952931721218,Twitter for iPhone,Ben,11/10,Blenheim_spaniel,True,191,684
670003130994700288,Twitter for iPhone,Raphael,10/10,beagle,True,100,352
669970042633789440,Twitter for iPhone,Julio,10/10,miniature_pinscher,True,65,317
669942763794931712,Twitter for iPhone,Andru,11/10,vizsla,True,183,536
669753178989142016,Twitter for iPhone,Chester,10/10,Pembroke,True,431,858
669683899023405056,Twitter for iPhone,Kloey,10/10,Pomeranian,True,119,412
669680153564442624,Twitter for iPhone,Shawwn,8/10,dalmatian,True,311,712
669597912108789760,Twitter for iPhone,Skye,10/10,Eskimo_dog,True,163,550
669573570759163904,Twitter for iPhone,Linda,10/10,West_Highland_white_terrier,True,156,467
669567591774625800,Twitter for iPhone,Kollin,9/10,Chihuahua,True,61,248
669393256313184256,Twitter for iPhone,Ronduh,10/10,cocker_spaniel,True,83,383
669375718304980992,Twitter for iPhone,Billl,6/10,Airedale,True,792,1425
669371483794317312,Twitter for iPhone,Oliviér,10/10,Brabancon_griffon,True,196,524
669367896104181761,Twitter for iPhone,Chip,10/10,basset,True,172,485
669359674819481600,Twitter for iPhone,Saydee,11/10,Labrador_retriever,True,134,390
669354382627049472,Twitter for iPhone,Dug,8/10,Chihuahua,True,1390,2889
669328503091937280,Twitter for iPhone,Kirk,12/10,Siberian_husky,True,452,1081
669216679721873412,Twitter for iPhone,Clarq,8/10,golden_retriever,True,422,958
669203728096960512,Twitter for iPhone,Samsom,9/10,pug,True,522,1074
669006782128353280,Twitter for iPhone,Tucker,12/10,Chihuahua,True,269,610
669000397445533696,Twitter for iPhone,Terrance,11/10,Pembroke,True,6965,22118
668989615043424256,Twitter for iPhone,Bernie,3/10,pug,True,356,726
668979806671884288,Twitter for iPhone,Chaz,12/10,golden_retriever,True,382,842
668975677807423489,Twitter for iPhone,Jeremy,11/10,basset,True,641,1386
668932921458302977,Twitter for iPhone,Herald,9/10,standard_poodle,True,63,284
668902994700836864,Twitter for iPhone,Lambeau,11/10,Brittany_spaniel,True,107,338
668892474547511297,Twitter for iPhone,Ruffles,11/10,kelpie,True,164,422
668852170888998912,Twitter for iPhone,Bobb,11/10,golden_retriever,True,184,479
668826086256599040,Twitter for iPhone,Banditt,10/10,malinois,True,150,467
668779399630725120,Twitter for iPhone,Kevon,10/10,Chesapeake_Bay_retriever,True,409,749
668655139528511488,Twitter for iPhone,Winifred,11/10,beagle,True,233,562
668633411083464705,Twitter for iPhone,Churlie,10/10,Pekinese,True,1788,3024
668631377374486528,Twitter for iPhone,Zeek,5/10,miniature_schnauzer,True,349,763
668627278264475648,Twitter for iPhone,Timofy,9/10,French_bulldog,True,123,341
668623201287675904,Twitter for iPhone,Jomathan,10/10,Chihuahua,True,851,1551
668567822092664832,Twitter for iPhone,Marvin,11/10,Shih-Tzu,True,62,265
668537837512433665,Twitter for iPhone,Spark,8/10,Lakeland_terrier,True,79,265
668528771708952576,Twitter for iPhone,Gòrdón,12/10,Labrador_retriever,True,242,496
668496999348633600,Twitter for iPhone,Jo,8/10,Staffordshire_bullterrier,True,146,436
668286279830867968,Twitter for iPhone,Rusty,11/10,golden_retriever,True,149,535
668274247790391296,Twitter for iPhone,Sophie,10/10,soft-coated_wheaten_terrier,True,248,886
668248472370458624,Twitter for iPhone,Bisquick,8/10,Chihuahua,True,523,1056
668237644992782336,Twitter for iPhone,Torque,10/10,chow,True,3100,6614
668204964695683073,Twitter for iPhone,Ron,8/10,Labrador_retriever,True,206,586
668190681446379520,Twitter for iPhone,Skittles,12/10,Blenheim_spaniel,True,210,696
668113020489474048,Twitter for iPhone,Alfie,6/10,Pembroke,True,265,709
667924896115245057,Twitter for iPhone,Jiminy,9/10,Labrador_retriever,True,119,318
667902449697558528,Twitter for iPhone,Cleopatricia,9/10,Norwegian_elkhound,True,396,905
667886921285246976,Twitter for iPhone,Erik,11/10,Pomeranian,True,1180,2011
667885044254572545,Twitter for iPhone,Stu,10/10,malamute,True,530,868
667728196545200128,Twitter Web Client,Olive,11/10,kuvasz,True,162,398
667546741521195010,Twitter Web Client,George,9/10,toy_poodle,True,138,355
667544320556335104,Twitter Web Client,Kial,10/10,Pomeranian,True,568,917
667534815156183040,Twitter Web Client,Frank,8/10,Pembroke,True,576,866
667530908589760512,Twitter Web Client,Naphaniel,10/10,golden_retriever,True,264,501
667517642048163840,Twitter Web Client,Dook,8/10,Italian_greyhound,True,203,389
667502640335572993,Twitter Web Client,Hall,11/10,Labrador_retriever,True,231,563
667495797102141441,Twitter Web Client,Philippe,9/10,Chihuahua,True,294,565
667455448082227200,Twitter Web Client,Reese,7/10,Tibetan_terrier,True,66,203
667453023279554560,Twitter Web Client,Cupcake,11/10,Labrador_retriever,True,96,327
667405339315146752,Twitter for iPhone,Biden,7/10,Saint_Bernard,True,234,489
667393430834667520,Twitter for iPhone,Fwed,8/10,papillon,True,60,211
667211855547486208,Twitter for iPhone,Genevieve,9/10,golden_retriever,True,258,516
667200525029539841,Twitter for iPhone,Joshwa,11/10,Siberian_husky,True,282,658
667182792070062081,Twitter for iPhone,Timison,10/10,golden_retriever,True,6618,15075
667174963120574464,Twitter for iPhone,Clarence,9/10,toy_poodle,True,88,262
667171260800061440,Twitter for iPhone,Kenneth,10/10,giant_schnauzer,True,97,235
667165590075940865,Twitter for iPhone,Churlie,10/10,miniature_pinscher,True,1241,2819
667160273090932737,Twitter for iPhone,Bradlay,11/10,golden_retriever,True,66,268
667152164079423490,Twitter for iPhone,Pipsy,12/10,toy_poodle,True,18285,49720
667119796878725120,Twitter for iPhone,Gabe,10/10,Pembroke,True,135,346
667090893657276420,Twitter for iPhone,Clybe,7/10,Chihuahua,True,132,349
667073648344346624,Twitter for iPhone,Dave,10/10,Chihuahua,True,134,425
667062181243039745,Twitter for iPhone,Keet,10/10,Chesapeake_Bay_retriever,True,57,227
666817836334096384,Twitter for iPhone,Jeph,9/10,miniature_schnauzer,True,267,540
666804364988780544,Twitter for iPhone,Jockson,8/10,English_setter,True,95,250
666739327293083650,Twitter for iPhone,Lugan,10/10,miniature_poodle,True,71,244
666691418707132416,Twitter for iPhone,Christoper,8/10,German_shepherd,True,51,196
666644823164719104,Twitter for iPhone,Jimothy,9/10,Ibizan_hound,True,88,238
666454714377183233,Twitter for iPhone,Kreggory,10/10,dalmatian,True,223,545
666447344410484738,Twitter for iPhone,Scout,9/10,curly-coated_retriever,True,23,107
666418789513326592,Twitter for iPhone,Walter,10/10,toy_terrier,True,48,129
